customer_id,total_sessions,total_orders,total_spend,average_order_value,cart_abandonment_rate,average_discount_used,customer_satisfaction,preferred_device,city,preferred_category,total_products_purchased,total_pages_viewed,average_time_on_site,total_review_votes,preferred_payment_method,rn,churn
1000,2,1,1228.72,1228.72,0.50,17.50,3.50,1,204,7,7,35,1014.00,44,4,1,0
1001,1,0,0.00,NULL,0.00,0.00,4.00,0,101,3,4,15,996.00,0,4,2,0
1002,3,0,0.00,NULL,0.67,3.33,4.00,1,90,6,8,25,313.67,0,5,3,0
1003,3,1,1681.96,1681.96,0.00,11.67,4.33,1,87,4,9,17,695.33,4,2,4,0
1004,3,0,0.00,NULL,0.33,16.67,4.00,1,97,5,5,37,923.67,0,5,5,0
1005,3,0,0.00,NULL,0.67,15.00,4.00,1,86,4,12,42,312.33,0,4,6,0
1006,2,0,0.00,NULL,0.50,10.00,4.00,2,68,7,8,27,1145.00,0,4,7,0
1007,1,0,0.00,NULL,0.00,20.00,4.00,0,200,3,1,22,557.00,0,5,8,0
1008,5,1,1546.42,1546.42,0.20,17.00,4.00,1,76,5,11,49,829.20,42,3,9,0
1009,5,3,4616.63,1538.88,0.40,12.00,4.20,1,204,5,13,55,806.60,33,5,10,0
1011,4,0,0.00,NULL,0.50,5.00,4.00,1,36,7,14,43,894.25,0,5,11,0
1012,3,0,0.00,NULL,0.33,8.33,4.00,2,43,7,4,38,700.00,0,5,12,0
1013,2,0,0.00,NULL,0.00,0.00,4.00,1,215,4,8,39,267.00,0,5,13,0
1014,4,1,2423.92,2423.92,0.25,5.00,4.25,1,81,7,9,47,985.00,31,4,14,0
1015,1,0,0.00,NULL,1.00,0.00,4.00,0,65,0,2,3,1405.00,0,0,15,0
1016,1,0,0.00,NULL,0.00,30.00,4.00,0,164,4,4,2,1523.00,0,1,16,0
1017,2,0,0.00,NULL,0.50,5.00,4.00,1,77,6,8,20,565.50,0,0,17,0
1018,1,0,0.00,NULL,1.00,15.00,4.00,2,15,7,1,22,875.00,0,0,18,0
1019,1,0,0.00,NULL,0.00,10.00,4.00,1,212,4,1,10,1096.00,0,4,19,0
1020,4,0,0.00,NULL,0.75,6.25,4.00,2,45,7,13,41,1165.25,0,4,20,0
1021,5,0,0.00,NULL,0.60,9.00,4.00,1,68,7,14,33,1136.80,0,5,21,0
1022,1,0,0.00,NULL,0.00,0.00,4.00,1,206,3,3,6,1751.00,0,5,22,0
1023,2,0,0.00,NULL,0.50,5.00,4.00,1,38,6,5,11,325.00,0,5,23,0
1024,2,0,0.00,NULL,0.00,0.00,4.00,1,27,4,4,21,774.00,0,2,24,0
1025,2,0,0.00,NULL,1.00,7.50,4.00,1,78,7,4,10,582.00,0,3,25,0
1026,3,1,244.30,244.30,0.67,5.00,4.00,0,218,6,6,49,603.00,19,4,26,0
1027,4,0,0.00,NULL,0.00,3.75,4.00,1,27,7,11,57,1235.50,0,4,27,0
1028,5,1,2328.44,2328.44,0.60,5.00,4.00,2,84,6,15,57,956.60,43,5,28,0
1029,1,1,357.02,357.02,0.00,15.00,5.00,2,33,7,1,17,272.00,47,1,29,0
1030,3,0,0.00,NULL,0.33,0.00,4.00,2,170,5,5,26,792.33,0,1,30,0
1031,4,2,2231.42,1115.71,0.50,16.25,4.25,1,159,6,11,77,1274.00,20,4,31,0
1032,4,0,0.00,NULL,0.25,10.00,4.00,2,59,7,8,45,973.75,0,4,32,0
1033,5,1,571.06,571.06,0.20,9.00,4.20,1,57,7,13,85,480.20,35,4,33,0
1034,1,0,0.00,NULL,1.00,0.00,4.00,0,146,0,3,19,1748.00,0,4,34,0
1035,4,1,325.77,325.77,0.50,3.75,4.00,1,214,5,11,49,733.00,32,4,35,0
1036,3,1,395.17,395.17,0.33,6.67,4.33,2,192,7,5,41,170.00,26,4,36,0
1037,4,0,0.00,NULL,0.50,11.25,4.00,1,44,5,10,64,1087.00,0,4,37,0
1038,4,1,4503.98,4503.98,0.50,7.50,4.00,1,98,7,11,31,1076.00,38,3,38,0
1039,4,2,1852.98,926.49,0.25,13.75,4.25,1,84,7,11,76,1146.50,83,3,39,0
1040,5,2,7417.69,3708.85,0.60,3.00,3.60,2,83,7,15,25,1016.00,66,5,40,1
1041,2,1,1296.48,1296.48,0.50,2.50,3.50,1,94,7,4,38,1041.50,33,4,41,0
1042,5,3,4330.68,1443.56,0.40,7.00,4.40,1,224,6,12,71,525.20,58,3,42,0
1043,1,0,0.00,NULL,1.00,20.00,4.00,2,158,6,4,17,152.00,0,1,43,0
1044,7,2,1008.62,504.31,0.43,15.71,3.57,1,64,5,22,72,888.57,56,5,44,0
1045,2,0,0.00,NULL,0.50,5.00,4.00,1,83,5,8,32,868.00,0,3,45,1
1046,3,0,0.00,NULL,0.00,15.00,4.00,1,75,6,11,36,461.33,0,5,46,0
1047,5,1,922.92,922.92,0.40,9.00,4.20,2,83,6,12,49,783.20,40,2,47,0
1048,3,0,0.00,NULL,0.67,11.67,4.00,1,99,3,12,40,1699.00,0,5,48,0
1049,4,0,0.00,NULL,0.50,13.75,4.00,1,64,7,8,53,951.75,0,5,49,1
1050,3,0,0.00,NULL,0.67,11.67,4.00,1,36,4,4,34,806.00,0,5,50,0
1051,3,0,0.00,NULL,0.33,13.33,4.00,1,222,7,4,49,715.00,0,4,51,0
1052,6,0,0.00,NULL,0.67,1.67,4.00,1,99,7,13,64,780.50,0,4,52,0
1053,1,0,0.00,NULL,0.00,30.00,4.00,1,130,1,4,9,1385.00,0,2,53,1
1054,5,1,2322.16,2322.16,0.20,2.00,4.00,2,64,6,14,61,535.00,8,4,54,0
1055,2,0,0.00,NULL,0.50,5.00,4.00,2,4,7,3,34,1525.00,0,4,55,0
1056,1,1,345.71,345.71,0.00,0.00,4.00,1,31,7,1,19,375.00,44,4,56,0
1057,4,0,0.00,NULL,0.25,3.75,4.00,1,209,6,10,40,1014.25,0,4,57,1
1058,3,2,6257.73,3128.87,0.00,11.67,3.33,1,41,6,9,50,903.33,87,4,58,0
1059,2,0,0.00,NULL,0.50,20.00,4.00,1,151,4,6,35,947.00,0,3,59,0
1060,1,0,0.00,NULL,0.00,15.00,4.00,0,190,2,2,10,1131.00,0,3,60,0
1061,2,0,0.00,NULL,1.00,7.50,4.00,1,221,3,5,21,1219.00,0,3,61,0
1062,3,2,5304.35,2652.18,0.00,13.33,3.67,1,224,7,8,57,1032.00,32,5,62,0
1063,3,0,0.00,NULL,0.67,11.67,4.00,2,66,6,8,45,914.00,0,5,63,0
1064,1,0,0.00,NULL,1.00,30.00,4.00,1,126,5,4,17,1377.00,0,1,64,0
1065,1,1,7889.36,7889.36,0.00,0.00,5.00,1,13,2,4,6,1586.00,9,1,65,0
1066,4,1,3654.18,3654.18,0.50,17.50,4.00,1,77,5,12,23,852.00,34,5,66,0
1067,4,1,2032.07,2032.07,0.75,8.75,4.25,1,60,5,13,44,889.25,33,4,67,0
1068,2,0,0.00,NULL,0.50,0.00,4.00,1,54,5,2,16,928.50,0,2,68,0
1069,3,0,0.00,NULL,0.00,18.33,4.00,1,34,7,10,15,603.33,0,5,69,1
1070,3,0,0.00,NULL,0.00,5.00,4.00,2,7,5,7,29,1023.67,0,3,70,0
1071,5,1,1331.90,1331.90,0.20,7.00,4.00,1,5,6,13,75,1117.60,26,5,71,0
1072,1,0,0.00,NULL,1.00,20.00,4.00,0,13,7,4,7,1566.00,0,1,72,1
1073,2,0,0.00,NULL,1.00,15.00,4.00,1,184,7,2,23,387.00,0,4,73,0
1074,1,0,0.00,NULL,1.00,0.00,4.00,0,154,4,1,5,856.00,0,5,74,0
1075,2,0,0.00,NULL,0.50,0.00,4.00,1,184,4,4,43,1292.00,0,5,75,0
1076,4,1,1449.62,1449.62,0.50,8.75,3.50,1,97,7,7,77,882.25,29,3,76,0
1077,3,1,1959.60,1959.60,0.33,0.00,4.00,1,54,7,8,21,526.00,48,4,77,0
1078,2,1,490.00,490.00,0.00,10.00,4.00,0,58,6,5,9,1327.00,6,5,78,0
1079,4,1,4252.77,4252.77,0.50,2.50,3.50,1,98,7,11,29,1218.00,46,5,79,0
1080,4,1,2111.96,2111.96,0.00,12.50,4.25,2,81,7,14,26,765.50,33,5,80,0
1081,1,0,0.00,NULL,1.00,0.00,4.00,2,121,4,2,2,910.00,0,0,81,0
1082,3,1,1601.42,1601.42,0.67,10.00,4.00,1,58,4,7,29,1434.67,0,2,82,0
1083,4,1,1056.76,1056.76,0.50,10.00,4.00,1,214,3,9,33,926.25,47,5,83,0
1084,3,1,3648.04,3648.04,0.33,0.00,3.67,1,92,7,9,22,1055.67,46,4,84,0
1086,3,1,1236.24,1236.24,0.33,0.00,3.67,1,27,6,10,37,524.33,12,5,85,0
1087,3,1,222.61,222.61,0.00,11.67,4.00,1,218,7,9,53,951.00,20,5,86,0
1088,1,0,0.00,NULL,1.00,20.00,4.00,1,156,4,2,1,1666.00,0,0,87,1
1089,3,1,2169.46,2169.46,0.67,6.67,4.00,1,45,6,8,49,856.33,38,5,88,0
1090,7,1,3331.60,3331.60,0.43,3.57,4.00,2,67,6,14,102,776.71,29,5,89,0
1091,4,0,0.00,NULL,0.50,10.00,4.00,2,183,7,9,59,1005.25,0,3,90,0
1092,2,1,2987.93,2987.93,0.50,17.50,4.50,1,224,5,6,25,173.00,18,5,91,0
1093,1,0,0.00,NULL,0.00,0.00,4.00,1,221,5,3,3,193.00,0,4,92,0
1094,2,0,0.00,NULL,0.50,2.50,4.00,1,163,7,2,13,1235.50,0,3,93,0
1095,3,2,3681.54,1840.77,0.33,1.67,4.00,2,4,5,9,11,474.00,69,4,94,0
1096,4,2,4912.93,2456.47,0.25,5.00,4.00,1,44,5,12,64,846.50,22,5,95,0
1097,2,0,0.00,NULL,0.50,2.50,4.00,1,9,4,8,12,1629.50,0,3,96,0
1098,3,0,0.00,NULL,0.67,11.67,4.00,1,76,3,7,38,1288.00,0,2,97,0
1099,5,1,2717.82,2717.82,0.60,6.00,4.20,1,97,7,13,84,858.00,20,5,98,0
1100,2,2,788.77,394.39,0.00,2.50,2.50,1,97,4,3,10,988.00,40,4,99,0
1101,1,1,1339.45,1339.45,0.00,10.00,2.00,2,29,1,2,14,168.00,44,4,100,0
1102,3,0,0.00,NULL,0.33,13.33,4.00,1,38,4,5,44,1455.33,0,2,101,0
1104,1,0,0.00,NULL,1.00,15.00,4.00,0,207,1,1,15,809.00,0,1,102,0
1105,4,1,1244.58,1244.58,0.50,8.75,4.00,1,48,5,8,67,761.75,41,3,103,0
1106,2,0,0.00,NULL,0.50,7.50,4.00,1,214,7,6,24,968.50,0,5,104,1
1107,3,0,0.00,NULL,1.00,13.33,4.00,2,39,5,8,37,686.00,0,3,105,0
1108,6,0,0.00,NULL,0.50,12.50,4.00,2,87,7,14,84,858.83,0,4,106,0
1109,3,0,0.00,NULL,1.00,3.33,4.00,0,45,6,9,24,743.33,0,5,107,1
1110,4,1,2098.22,2098.22,0.50,3.75,3.75,2,42,6,11,22,1089.75,33,5,108,0
1111,2,1,1839.86,1839.86,0.00,7.50,4.50,1,39,4,4,38,1010.00,2,5,109,0
1112,5,1,2540.56,2540.56,0.40,8.00,4.20,2,87,6,12,39,1001.40,31,5,110,0
1113,2,0,0.00,NULL,1.00,10.00,4.00,1,75,5,7,23,677.50,0,4,111,0
1114,2,0,0.00,NULL,0.00,20.00,4.00,2,25,4,4,26,1415.50,0,4,112,0
1115,2,1,1763.68,1763.68,0.50,10.00,4.50,1,72,7,4,26,1087.00,13,5,113,0
1116,4,0,0.00,NULL,0.50,8.75,4.00,1,7,5,13,36,966.25,0,4,114,0
1118,1,1,4522.50,4522.50,0.00,15.00,5.00,1,140,2,3,14,500.00,18,0,115,0
1119,1,0,0.00,NULL,1.00,0.00,4.00,1,173,1,1,20,1639.00,0,1,116,0
1120,3,0,0.00,NULL,0.33,10.00,4.00,2,204,6,5,34,239.33,0,5,117,0
1121,2,1,1894.59,1894.59,0.50,22.50,4.00,2,213,5,5,43,1424.00,13,3,118,1
1122,1,0,0.00,NULL,1.00,10.00,4.00,1,84,4,1,21,863.00,0,0,119,1
1123,3,0,0.00,NULL,0.33,26.67,4.00,2,79,4,8,47,776.67,0,4,120,0
1124,4,2,1684.02,842.01,0.50,0.00,4.50,2,64,5,8,38,897.00,34,4,121,0
1125,4,0,0.00,NULL,0.25,6.25,4.00,2,77,4,10,53,879.75,0,5,122,0
1126,4,2,2051.36,1025.68,0.25,0.00,4.25,2,84,6,11,67,632.75,50,5,123,0
1127,4,0,0.00,NULL,0.25,5.00,4.00,1,193,6,13,53,724.00,0,4,124,0
1128,1,0,0.00,NULL,0.00,10.00,4.00,1,122,5,3,3,618.00,0,4,125,0
1129,4,0,0.00,NULL,0.25,6.25,4.00,2,79,6,7,73,981.25,0,5,126,0
1130,2,1,1026.78,1026.78,0.50,22.50,3.50,0,151,3,6,22,928.50,42,4,127,0
1131,2,1,1150.86,1150.86,0.00,5.00,4.00,1,77,4,5,37,739.00,28,5,128,0
1132,3,2,3476.22,1738.11,0.33,8.33,3.67,1,178,5,7,25,901.00,29,2,129,0
1134,8,3,7061.16,2353.72,0.25,9.38,4.00,2,64,7,24,93,863.63,41,5,130,0
1135,3,0,0.00,NULL,0.33,5.00,4.00,2,93,3,12,29,556.67,0,4,131,0
1136,2,0,0.00,NULL,0.50,10.00,4.00,1,3,6,4,32,1251.00,0,2,132,0
1138,6,1,924.05,924.05,0.67,6.67,4.17,1,64,7,10,71,993.67,45,5,133,0
1139,2,0,0.00,NULL,1.00,5.00,4.00,1,219,1,4,31,430.00,0,5,134,0
1140,1,0,0.00,NULL,0.00,10.00,4.00,0,209,5,3,6,1580.00,0,5,135,0
1141,2,0,0.00,NULL,0.50,15.00,4.00,1,210,3,6,25,966.00,0,1,136,0
1142,4,0,0.00,NULL,0.75,18.75,4.00,2,206,4,13,57,724.00,0,4,137,0
1143,6,0,0.00,NULL,0.50,11.67,4.00,2,63,7,20,106,901.17,0,5,138,0
1144,2,0,0.00,NULL,0.50,7.50,4.00,1,48,6,5,42,1122.50,0,2,139,0
1145,2,1,997.25,997.25,0.00,2.50,4.50,1,81,6,3,21,617.00,34,4,140,0
1146,4,1,2950.09,2950.09,0.50,12.50,4.25,1,60,7,10,53,859.00,46,5,141,0
1147,3,0,0.00,NULL,0.33,10.00,4.00,0,8,1,8,41,972.00,0,5,142,0
1148,4,1,843.58,843.58,0.25,6.25,4.25,1,81,4,10,32,928.00,1,1,143,0
1149,2,0,0.00,NULL,0.50,0.00,4.00,1,76,4,3,33,1439.50,0,4,144,0
1150,3,1,2340.49,2340.49,0.33,15.00,4.00,2,201,3,9,54,184.00,0,5,145,0
1151,5,1,673.69,673.69,0.00,7.00,3.80,2,25,5,10,71,1165.00,25,5,146,0
1152,1,1,772.78,772.78,0.00,15.00,3.00,0,205,5,1,2,1482.00,40,2,147,0
1153,1,1,1069.29,1069.29,0.00,0.00,3.00,0,203,7,1,1,1351.00,35,4,148,0
1155,5,2,4908.51,2454.26,0.00,13.00,4.40,1,210,5,13,73,805.80,49,5,149,0
1156,2,0,0.00,NULL,0.00,12.50,4.00,1,155,7,4,35,986.50,0,4,150,0
1157,1,0,0.00,NULL,0.00,0.00,4.00,1,20,1,3,15,1236.00,0,3,151,0
1158,3,1,2864.37,2864.37,0.33,11.67,4.33,1,8,3,8,58,948.33,7,5,152,0
1159,4,1,5605.16,5605.16,0.50,5.00,4.00,1,75,7,12,43,452.00,27,5,153,0
1160,6,1,2058.00,2058.00,0.50,13.33,3.67,2,67,6,16,90,778.67,26,5,154,0
1161,2,0,0.00,NULL,1.00,5.00,4.00,1,73,4,5,18,1205.00,0,5,155,0
1162,1,1,1483.14,1483.14,0.00,0.00,3.00,1,221,0,3,12,487.00,21,4,156,0
1163,5,1,403.70,403.70,0.80,15.00,4.20,0,91,5,11,62,798.40,24,3,157,0
1164,3,1,1126.58,1126.58,0.67,13.33,3.67,2,82,6,10,49,781.33,38,3,158,0
1165,5,2,1357.87,678.94,0.40,9.00,3.20,1,63,7,13,69,1153.00,43,4,159,0
1166,1,0,0.00,NULL,1.00,30.00,4.00,1,89,0,2,21,440.00,0,2,160,0
1167,3,2,3059.20,1529.60,0.00,3.33,3.67,1,72,4,7,39,615.33,54,4,161,0
1168,2,0,0.00,NULL,1.00,12.50,4.00,1,62,5,5,22,898.00,0,4,162,0
1169,4,2,947.29,473.65,0.25,6.25,4.50,2,80,5,10,62,1171.00,18,4,163,0
1171,1,0,0.00,NULL,1.00,15.00,4.00,1,217,6,1,9,915.00,0,5,164,0
1172,4,1,332.26,332.26,0.25,11.25,4.25,1,91,7,10,48,506.00,8,4,165,0
1174,3,1,1507.02,1507.02,0.67,5.00,4.33,1,224,7,10,51,1019.00,19,5,166,1
1175,3,2,2666.89,1333.45,0.00,11.67,4.33,2,213,3,7,47,811.33,55,2,167,0
1176,2,0,0.00,NULL,1.00,0.00,4.00,1,220,7,8,10,935.50,0,3,168,0
1177,3,1,756.39,756.39,0.33,5.00,3.33,2,75,4,5,36,1207.00,16,5,169,0
1179,2,0,0.00,NULL,0.00,17.50,4.00,1,5,6,3,18,1009.50,0,3,170,1
1181,4,0,0.00,NULL,0.25,6.25,4.00,1,191,5,10,44,794.00,0,4,171,0
1182,3,0,0.00,NULL,0.33,5.00,4.00,2,33,7,9,29,546.33,0,5,172,0
1183,4,1,5294.04,5294.04,0.50,6.25,4.00,2,69,3,12,79,1005.25,12,5,173,0
1184,3,2,3314.81,1657.41,0.33,5.00,4.33,2,72,3,4,48,519.67,69,5,174,0
1185,5,0,0.00,NULL,0.40,7.00,4.00,2,67,7,11,51,1114.60,0,2,175,0
1186,3,0,0.00,NULL,0.67,5.00,4.00,1,85,5,8,42,589.00,0,5,176,1
1187,3,2,9145.76,4572.88,0.00,1.67,3.67,0,94,3,12,33,1133.67,52,5,177,0
1188,4,3,1550.69,516.90,0.00,3.75,4.25,2,93,6,7,63,751.50,78,3,178,1
1189,3,0,0.00,NULL,0.33,10.00,4.00,0,18,7,9,32,1113.00,0,5,179,0
1190,4,2,1456.45,728.23,0.25,6.25,4.25,1,69,7,11,33,1003.50,89,5,180,0
1191,2,0,0.00,NULL,0.50,12.50,4.00,1,92,6,4,25,1039.00,0,4,181,0
1192,1,0,0.00,NULL,1.00,5.00,4.00,1,138,3,1,21,1482.00,0,0,182,0
1193,3,1,1818.94,1818.94,0.33,3.33,4.33,2,83,5,5,17,1533.67,27,3,183,0
1194,2,0,0.00,NULL,0.00,15.00,4.00,1,61,1,3,7,1216.50,0,2,184,0
1195,3,1,1219.67,1219.67,0.33,8.33,4.00,2,78,7,8,40,932.33,35,5,185,0
1196,5,2,5634.82,2817.41,0.60,5.00,3.60,2,39,7,16,41,1109.60,33,5,186,1
1197,4,1,4518.88,4518.88,0.50,11.25,3.75,2,86,6,14,64,1150.00,42,3,187,0
1198,2,1,973.30,973.30,0.00,5.00,4.50,0,139,5,3,9,978.50,36,3,188,1
1199,1,0,0.00,NULL,0.00,15.00,4.00,0,124,5,3,13,257.00,0,2,189,0
1200,4,1,1897.32,1897.32,0.75,10.00,4.25,1,71,7,12,51,907.50,26,5,190,0
1201,3,0,0.00,NULL,0.67,8.33,4.00,1,51,7,10,40,827.33,0,4,191,0
1202,2,1,1248.59,1248.59,0.00,2.50,3.00,1,156,3,6,30,515.00,0,4,192,0
1203,6,2,3619.66,1809.83,0.17,9.17,4.00,1,74,7,15,87,512.17,26,2,193,0
1204,5,1,969.32,969.32,0.40,5.00,3.80,1,9,6,15,63,1281.20,14,5,194,0
1205,2,0,0.00,NULL,0.50,0.00,4.00,0,43,6,4,47,380.50,0,5,195,0
1206,2,1,3324.51,3324.51,0.50,0.00,3.50,0,184,6,4,34,1118.00,22,4,196,0
1207,1,0,0.00,NULL,0.00,0.00,4.00,0,114,7,1,23,1574.00,0,4,197,0
1208,4,1,1136.65,1136.65,0.50,7.50,3.25,2,99,7,9,39,1024.75,49,5,198,0
1209,7,1,816.60,816.60,0.43,10.71,4.14,2,68,6,18,78,787.57,43,5,199,0
1210,3,0,0.00,NULL,0.33,23.33,4.00,1,85,2,7,32,1188.67,0,4,200,0
1211,1,0,0.00,NULL,1.00,15.00,4.00,0,148,4,1,14,694.00,0,0,201,0
1212,6,3,2666.46,888.82,0.50,5.00,4.00,2,85,7,15,84,1062.50,86,4,202,0
1213,6,1,744.78,744.78,0.33,9.17,3.83,1,85,7,18,78,999.00,21,5,203,1
1214,2,1,3055.83,3055.83,0.50,2.50,4.00,1,80,6,4,10,1094.50,0,5,204,0
1215,4,1,1328.42,1328.42,0.00,16.25,3.75,1,54,2,11,44,717.50,41,5,205,0
1216,2,0,0.00,NULL,0.50,7.50,4.00,1,55,7,7,19,857.00,0,4,206,0
1217,1,0,0.00,NULL,0.00,0.00,4.00,1,13,5,2,8,757.00,0,5,207,0
1218,4,2,3526.43,1763.22,0.25,7.50,3.75,1,3,7,10,61,1397.50,41,5,208,0
1219,4,0,0.00,NULL,0.25,11.25,4.00,2,46,7,10,49,814.25,0,4,209,1
1220,3,1,1765.86,1765.86,0.67,1.67,4.33,1,210,5,10,32,266.00,48,5,210,0
1221,2,0,0.00,NULL,0.00,15.00,4.00,1,206,4,5,7,863.00,0,5,211,0
1222,6,1,898.63,898.63,0.67,10.83,4.17,2,63,6,14,82,1123.33,49,5,212,0
1223,2,1,522.78,522.78,0.00,5.00,2.50,1,119,5,3,25,834.50,18,5,213,0
1224,2,0,0.00,NULL,0.00,12.50,4.00,1,154,7,4,18,1026.50,0,3,214,0
1225,4,1,268.76,268.76,0.50,8.75,3.75,1,183,6,8,57,799.50,18,2,215,0
1226,3,1,1203.09,1203.09,0.00,5.00,3.33,0,20,6,9,29,1239.00,24,3,216,0
1227,2,1,4039.92,4039.92,0.00,5.00,4.00,1,22,2,8,27,363.00,42,4,217,0
1228,2,1,829.75,829.75,0.50,15.00,4.50,1,152,6,5,14,513.50,10,5,218,0
1229,5,1,651.56,651.56,0.60,3.00,4.00,0,18,7,14,83,951.40,21,5,219,0
1230,4,0,0.00,NULL,0.50,11.25,4.00,1,54,5,14,54,748.00,0,2,220,1
1231,4,1,741.57,741.57,0.25,7.50,3.50,2,178,6,9,62,894.00,41,4,221,0
1232,2,0,0.00,NULL,0.00,15.00,4.00,1,50,2,6,21,1132.00,0,4,222,0
1233,2,0,0.00,NULL,0.50,10.00,4.00,1,195,2,3,28,1095.50,0,3,223,0
1234,3,1,377.35,377.35,0.00,6.67,4.33,2,25,5,7,31,1082.00,43,5,224,0
1235,5,0,0.00,NULL,0.40,12.00,4.00,2,80,6,11,56,1086.40,0,4,225,0
1236,1,0,0.00,NULL,1.00,5.00,4.00,1,152,6,4,15,643.00,0,5,226,1
1237,3,0,0.00,NULL,1.00,1.67,4.00,1,92,3,6,33,844.67,0,3,227,0
1238,2,0,0.00,NULL,0.50,10.00,4.00,2,83,5,6,17,350.50,0,4,228,0
1239,3,0,0.00,NULL,0.33,1.67,4.00,2,35,6,9,32,1067.67,0,5,229,0
1240,3,1,1882.12,1882.12,0.33,10.00,3.33,1,8,7,10,16,1336.00,48,5,230,0
1241,6,2,3617.15,1808.58,0.00,7.50,4.17,1,95,5,15,84,854.00,72,5,231,0
1242,2,0,0.00,NULL,0.50,5.00,4.00,1,7,1,4,29,1129.50,0,5,232,0
1243,3,1,3898.50,3898.50,0.67,8.33,4.00,1,47,6,6,36,434.67,49,5,233,0
1244,5,2,3078.65,1539.33,0.40,6.00,4.00,1,98,6,10,53,1256.40,51,4,234,0
1245,2,0,0.00,NULL,0.50,12.50,4.00,1,44,5,6,22,1217.00,0,4,235,1
1246,1,0,0.00,NULL,0.00,20.00,4.00,2,147,2,3,11,808.00,0,2,236,0
1247,1,0,0.00,NULL,1.00,20.00,4.00,1,193,3,4,1,573.00,0,4,237,0
1248,2,0,0.00,NULL,0.50,25.00,4.00,1,57,7,6,42,1247.00,0,4,238,0
1250,2,0,0.00,NULL,0.50,15.00,4.00,2,91,7,6,35,336.00,0,5,239,0
1251,2,0,0.00,NULL,0.00,12.50,4.00,1,54,7,6,41,648.50,0,5,240,0
1252,3,2,7790.94,3895.47,0.00,1.67,3.33,1,83,6,8,35,984.00,38,5,241,0
1253,3,1,2191.33,2191.33,0.33,6.67,4.00,1,136,6,4,43,974.67,25,3,242,0
1254,1,0,0.00,NULL,0.00,0.00,4.00,1,146,0,3,5,306.00,0,4,243,0
1255,1,0,0.00,NULL,0.00,10.00,4.00,0,188,6,1,20,288.00,0,2,244,0
1256,1,0,0.00,NULL,0.00,20.00,4.00,0,179,2,1,1,1562.00,0,2,245,0
1257,2,0,0.00,NULL,0.00,2.50,4.00,1,2,7,6,13,916.50,0,5,246,0
1258,1,0,0.00,NULL,1.00,20.00,4.00,1,88,5,2,15,1623.00,0,4,247,0
1259,2,0,0.00,NULL,0.50,7.50,4.00,1,198,3,6,36,1049.00,0,5,248,0
1260,2,0,0.00,NULL,1.00,12.50,4.00,2,32,5,5,34,1362.00,0,4,249,0
1261,3,0,0.00,NULL,0.67,6.67,4.00,0,32,4,8,53,828.33,0,5,250,0
1262,3,1,797.16,797.16,0.67,15.00,3.67,1,5,5,8,24,967.00,26,3,251,0
1263,4,0,0.00,NULL,0.75,11.25,4.00,1,193,7,9,59,800.25,0,4,252,0
1264,3,1,1712.22,1712.22,0.33,3.33,4.33,1,46,7,6,46,1122.33,15,5,253,0
1266,3,0,0.00,NULL,0.67,3.33,4.00,0,77,2,6,38,1164.33,0,5,254,0
1267,4,0,0.00,NULL,0.50,2.50,4.00,1,93,4,12,53,723.50,0,5,255,0
1268,3,1,1455.21,1455.21,0.33,6.67,4.00,2,37,7,9,31,623.67,13,5,256,0
1269,4,1,1787.02,1787.02,0.50,3.75,4.25,1,224,5,10,75,650.75,27,4,257,0
1270,4,2,3845.93,1922.97,0.25,2.50,4.25,1,61,7,9,62,728.50,44,5,258,0
1271,8,1,1130.35,1130.35,0.50,8.75,3.63,1,24,6,16,96,1140.25,35,5,259,0
1273,1,0,0.00,NULL,0.00,0.00,4.00,1,189,4,4,6,697.00,0,4,260,0
1274,3,1,2065.70,2065.70,0.33,1.67,3.33,2,99,6,5,62,1052.67,13,2,261,1
1275,4,2,7788.92,3894.46,0.25,5.00,3.50,1,59,7,12,58,1021.00,49,4,262,0
1277,4,1,414.36,414.36,0.50,12.50,4.00,1,56,6,7,43,993.75,3,3,263,0
1278,4,2,4367.72,2183.86,0.50,3.75,3.50,2,36,6,11,46,581.75,44,5,264,0
1279,6,1,3180.17,3180.17,0.33,12.50,4.00,2,97,5,13,78,642.33,9,5,265,0
1280,2,0,0.00,NULL,0.50,17.50,4.00,0,84,4,4,19,659.50,0,1,266,0
1281,3,0,0.00,NULL,0.33,8.33,4.00,1,85,7,11,47,879.33,0,1,267,0
1282,2,1,281.46,281.46,0.50,12.50,3.50,1,31,4,4,46,1346.00,25,1,268,0
1283,2,1,3166.32,3166.32,0.50,5.00,3.50,1,23,7,6,16,1113.50,44,5,269,0
1284,4,1,6649.04,6649.04,0.25,8.75,3.25,1,97,5,11,17,1320.00,6,5,270,0
1285,3,1,2942.34,2942.34,0.00,11.67,4.00,1,35,7,10,53,1607.00,49,5,271,0
1286,1,0,0.00,NULL,0.00,10.00,4.00,1,124,1,4,21,311.00,0,0,272,0
1287,3,0,0.00,NULL,0.67,13.33,4.00,1,43,5,7,26,816.33,0,5,273,0
1288,2,0,0.00,NULL,0.00,10.00,4.00,1,67,7,5,43,1229.00,0,2,274,0
1289,2,0,0.00,NULL,0.00,12.50,4.00,1,186,2,3,18,554.50,0,4,275,0
1290,4,2,1015.65,507.83,0.25,12.50,4.50,1,74,3,6,37,1117.50,62,4,276,0
1291,2,1,2457.68,2457.68,0.50,5.00,3.50,2,18,3,5,18,1307.50,17,4,277,0
1292,2,2,3075.91,1537.96,0.00,7.50,3.00,1,60,7,5,21,789.50,8,2,278,0
1293,2,0,0.00,NULL,0.00,2.50,4.00,1,197,7,5,27,606.50,0,1,279,0
1294,1,0,0.00,NULL,0.00,0.00,4.00,0,102,2,4,14,443.00,0,5,280,1
1295,4,1,267.34,267.34,0.25,16.25,4.00,1,97,7,9,50,1431.25,32,5,281,0
1296,1,0,0.00,NULL,0.00,20.00,4.00,0,110,7,4,20,1305.00,0,2,282,0
1297,2,0,0.00,NULL,1.00,7.50,4.00,1,47,3,6,33,966.50,0,3,283,0
1298,1,1,285.16,285.16,0.00,10.00,4.00,1,177,3,1,9,918.00,28,0,284,0
1299,3,0,0.00,NULL,0.67,10.00,4.00,2,50,3,8,46,1063.33,0,3,285,0
1300,4,0,0.00,NULL,0.50,1.25,4.00,1,75,4,8,43,1095.75,0,4,286,0
1301,2,0,0.00,NULL,1.00,5.00,4.00,1,165,7,4,32,839.50,0,5,287,0
1302,2,1,821.62,821.62,0.50,0.00,3.00,1,9,4,2,33,518.00,38,4,288,0
1303,1,1,989.88,989.88,0.00,20.00,5.00,0,103,3,3,5,1726.00,44,3,289,0
1304,2,1,529.27,529.27,0.50,2.50,4.00,1,47,3,2,18,1683.50,47,3,290,0
1305,2,0,0.00,NULL,0.50,22.50,4.00,1,190,6,7,25,1226.00,0,4,291,0
1306,3,0,0.00,NULL,0.67,6.67,4.00,2,62,3,10,27,689.67,0,5,292,0
1307,2,1,553.52,553.52,0.50,20.00,4.50,1,3,4,3,27,776.50,42,3,293,0
1308,4,1,566.61,566.61,0.50,16.25,3.50,2,51,6,12,46,987.75,8,3,294,0
1309,2,0,0.00,NULL,0.50,15.00,4.00,1,68,6,6,38,1045.00,0,5,295,0
1310,7,0,0.00,NULL,0.43,8.57,4.00,2,60,7,21,70,1459.00,0,5,296,1
1311,1,0,0.00,NULL,0.00,0.00,4.00,2,54,1,2,20,778.00,0,5,297,0
1312,3,2,6037.98,3018.99,0.00,0.00,3.67,2,29,7,7,25,665.33,14,4,298,0
1313,2,0,0.00,NULL,0.50,10.00,4.00,1,26,5,4,31,967.00,0,1,299,1
1314,1,0,0.00,NULL,1.00,15.00,4.00,1,207,0,2,9,218.00,0,4,300,0
1315,4,1,1937.57,1937.57,0.25,11.25,4.25,2,70,5,10,32,1050.50,22,5,301,0
1316,7,5,9432.31,1886.46,0.29,11.43,4.14,2,43,7,16,61,856.43,124,5,302,0
1317,6,4,8119.44,2029.86,0.17,10.83,3.50,2,22,6,14,32,546.50,89,5,303,0
1318,5,2,1692.53,846.27,0.20,6.00,4.00,1,94,5,15,92,922.00,63,5,304,0
1319,4,2,3602.98,1801.49,0.25,12.50,4.50,1,42,7,12,41,1192.50,28,2,305,1
1320,1,0,0.00,NULL,0.00,0.00,4.00,1,14,5,4,6,1029.00,0,2,306,0
1322,5,2,2239.44,1119.72,0.40,11.00,4.40,1,56,6,12,81,660.80,38,4,307,0
1323,3,1,3132.29,3132.29,0.00,18.33,3.67,1,4,6,8,41,796.33,3,5,308,0
1324,4,1,3519.68,3519.68,0.25,0.00,3.50,2,44,6,13,46,1069.25,22,5,309,1
1325,7,0,0.00,NULL,0.71,5.71,4.00,1,44,7,22,82,898.29,0,4,310,0
1326,2,0,0.00,NULL,0.50,7.50,4.00,2,51,0,4,16,1302.50,0,5,311,0
1327,3,2,4069.45,2034.73,0.33,3.33,3.00,1,43,2,7,31,1089.67,48,4,312,1
1328,4,0,0.00,NULL,0.50,3.75,4.00,2,83,6,10,57,1012.00,0,5,313,0
1329,4,1,443.01,443.01,0.50,7.50,4.25,1,219,5,10,39,894.50,29,5,314,0
1330,2,0,0.00,NULL,0.50,7.50,4.00,2,203,6,4,34,805.00,0,5,315,0
1331,3,1,4930.51,4930.51,0.67,10.00,3.33,1,64,6,10,36,434.00,44,5,316,0
1332,4,1,3016.32,3016.32,0.75,6.25,4.25,2,191,7,12,56,872.50,35,4,317,0
1333,1,0,0.00,NULL,1.00,10.00,4.00,0,3,5,1,18,1202.00,0,3,318,0
1334,8,5,12203.21,2440.64,0.13,6.88,3.75,2,91,6,18,134,794.00,85,4,319,0
1335,6,3,3522.92,1174.31,0.00,13.33,4.00,1,90,7,13,26,1033.17,69,4,320,0
1336,3,1,3797.19,3797.19,0.67,6.67,4.00,1,19,6,10,38,899.00,39,5,321,0
1337,2,1,783.06,783.06,0.50,7.50,3.50,2,70,6,4,34,668.50,35,5,322,0
1338,2,0,0.00,NULL,0.50,17.50,4.00,0,89,3,8,16,780.50,0,1,323,0
1339,5,1,530.31,530.31,0.40,11.00,4.00,1,86,7,9,66,1079.40,40,5,324,0
1340,1,0,0.00,NULL,1.00,10.00,4.00,1,130,5,2,17,1255.00,0,1,325,1
1341,1,0,0.00,NULL,0.00,0.00,4.00,1,39,3,3,7,102.00,0,4,326,0
1342,2,0,0.00,NULL,0.00,17.50,4.00,1,52,3,5,16,811.00,0,0,327,0
1343,6,1,3053.36,3053.36,0.50,5.83,3.83,1,214,5,16,48,799.83,29,5,328,0
1344,3,0,0.00,NULL,0.67,8.33,4.00,1,60,6,7,50,1010.33,0,5,329,0
1345,4,1,256.67,256.67,0.50,18.75,3.75,1,89,5,4,25,570.25,0,3,330,0
1346,4,0,0.00,NULL,0.25,15.00,4.00,1,186,7,13,45,857.25,0,3,331,0
1347,3,1,3357.67,3357.67,0.33,15.00,4.33,1,219,4,8,7,1014.33,12,4,332,0
1348,4,1,4789.77,4789.77,0.50,8.75,3.75,2,80,6,12,66,1083.00,9,4,333,0
1349,4,1,307.29,307.29,0.25,5.00,4.25,2,71,7,8,46,875.00,17,4,334,0
1350,6,3,1480.29,493.43,0.33,6.67,4.33,1,65,6,12,57,773.00,89,5,335,0
1351,2,1,4652.64,4652.64,0.00,15.00,3.50,0,219,7,5,24,537.00,28,4,336,0
1352,5,2,1316.79,658.40,0.20,17.00,3.80,1,97,7,13,65,848.20,59,4,337,0
1353,3,0,0.00,NULL,0.33,8.33,4.00,1,87,6,7,38,1327.67,0,5,338,0
1354,1,0,0.00,NULL,1.00,10.00,4.00,0,127,2,4,18,989.00,0,0,339,0
1355,3,0,0.00,NULL,1.00,6.67,4.00,1,78,7,9,30,953.67,0,4,340,0
1356,2,1,2397.10,2397.10,0.00,7.50,4.50,1,217,3,3,26,988.00,16,3,341,0
1357,1,1,1199.55,1199.55,0.00,0.00,2.00,1,15,3,3,23,692.00,1,3,342,0
1358,1,0,0.00,NULL,1.00,0.00,4.00,0,166,3,2,1,588.00,0,4,343,0
1359,2,0,0.00,NULL,1.00,15.00,4.00,1,220,6,5,24,1017.50,0,4,344,0
1360,3,3,3696.46,1232.15,0.00,6.67,3.67,1,3,7,8,22,903.67,99,5,345,0
1361,3,3,4596.29,1532.10,0.00,10.00,3.33,1,36,5,5,35,1319.67,49,5,346,0
1362,3,1,3356.54,3356.54,0.33,16.67,4.00,1,209,6,9,48,1147.67,37,5,347,0
1363,4,2,181.93,90.97,0.50,13.75,4.25,1,71,4,10,65,808.75,30,3,348,0
1364,2,0,0.00,NULL,0.50,10.00,4.00,0,211,0,4,30,1467.00,0,1,349,0
1365,4,2,3247.63,1623.82,0.25,13.75,4.50,2,51,7,7,59,636.50,48,5,350,0
1366,6,1,4299.17,4299.17,0.33,11.67,4.00,2,84,7,14,80,1031.83,30,5,351,0
1367,2,0,0.00,NULL,0.50,7.50,4.00,1,211,3,6,48,609.00,0,3,352,0
1368,4,2,4747.94,2373.97,0.50,7.50,4.25,1,79,7,13,52,832.00,13,5,353,0
1369,1,0,0.00,NULL,1.00,10.00,4.00,2,21,2,1,16,470.00,0,1,354,1
1370,2,1,1920.92,1920.92,0.00,2.50,3.50,1,210,7,4,21,588.00,6,2,355,0
1371,2,0,0.00,NULL,0.00,5.00,4.00,1,55,5,8,18,210.50,0,5,356,0
1372,3,2,7627.08,3813.54,0.00,13.33,3.67,1,67,4,11,22,1100.67,7,5,357,0
1374,3,0,0.00,NULL,0.67,15.00,4.00,2,64,3,6,37,278.67,0,5,358,0
1375,1,0,0.00,NULL,0.00,0.00,4.00,1,20,0,1,13,1021.00,0,4,359,0
1376,2,0,0.00,NULL,0.00,12.50,4.00,1,162,3,6,9,694.50,0,2,360,0
1377,1,0,0.00,NULL,0.00,5.00,4.00,0,224,2,1,9,1043.00,0,0,361,1
1378,3,3,2604.10,868.03,0.00,6.67,4.00,1,94,4,6,46,948.33,55,5,362,0
1379,1,1,863.94,863.94,0.00,15.00,4.00,1,122,1,4,17,1243.00,20,3,363,0
1380,2,1,700.35,700.35,0.00,0.00,3.50,1,91,1,4,24,1237.50,33,5,364,0
1381,3,1,566.30,566.30,0.33,15.00,3.67,0,46,2,4,33,994.00,38,5,365,0
1382,3,2,4061.77,2030.89,0.00,11.67,4.33,1,9,5,6,52,992.67,71,2,366,0
1383,1,0,0.00,NULL,1.00,15.00,4.00,1,33,4,1,5,1319.00,0,4,367,0
1384,3,0,0.00,NULL,1.00,1.67,4.00,1,70,7,6,26,1196.33,0,4,368,0
1385,1,1,3694.52,3694.52,0.00,0.00,5.00,1,177,5,4,8,1246.00,13,1,369,0
1386,3,2,3064.78,1532.39,0.33,10.00,4.33,2,57,4,6,17,913.00,50,5,370,0
1387,3,2,1111.73,555.87,0.33,10.00,3.33,1,86,7,3,34,1360.67,58,4,371,1
1388,7,1,3964.28,3964.28,0.29,13.57,4.00,2,97,7,18,118,581.86,47,5,372,0
1389,2,0,0.00,NULL,1.00,10.00,4.00,0,149,4,6,39,1396.50,0,0,373,0
1390,4,0,0.00,NULL,0.25,21.25,4.00,2,47,5,11,45,1203.75,0,3,374,0
1391,4,0,0.00,NULL,0.50,11.25,4.00,1,4,4,14,76,1169.50,0,4,375,0
1393,2,0,0.00,NULL,0.50,2.50,4.00,0,53,3,7,10,1135.00,0,4,376,0
1394,3,0,0.00,NULL,0.67,11.67,4.00,2,9,6,8,35,821.33,0,3,377,0
1395,7,2,2703.44,1351.72,0.14,9.29,4.29,2,30,7,19,77,1112.43,56,5,378,1
1396,1,0,0.00,NULL,1.00,10.00,4.00,1,120,3,2,7,1685.00,0,0,379,0
1397,5,1,2856.24,2856.24,0.40,7.00,3.80,1,27,6,14,69,1247.80,18,5,380,0
1398,4,1,663.37,663.37,0.50,6.25,3.75,2,81,7,11,39,918.75,40,0,381,0
1399,2,0,0.00,NULL,1.00,7.50,4.00,1,212,6,7,30,147.50,0,1,382,0
1400,2,1,527.51,527.51,0.00,12.50,3.00,1,69,4,5,33,858.50,9,4,383,0
1401,3,0,0.00,NULL,0.33,5.00,4.00,0,6,6,3,38,1047.00,0,2,384,0
1402,3,0,0.00,NULL,0.33,3.33,4.00,1,209,2,6,33,1374.33,0,4,385,0
1403,6,2,2038.85,1019.43,0.17,5.83,4.17,1,83,6,12,50,1110.50,48,5,386,0
1404,6,2,1646.99,823.50,0.17,15.83,4.17,1,83,6,16,71,712.00,61,5,387,0
1405,3,1,1296.62,1296.62,0.33,6.67,4.00,1,55,6,11,32,499.00,16,3,388,0
1406,3,0,0.00,NULL,0.33,5.00,4.00,1,66,4,8,49,377.00,0,0,389,0
1407,1,0,0.00,NULL,0.00,10.00,4.00,1,52,6,2,5,1008.00,0,5,390,1
1408,2,0,0.00,NULL,0.50,5.00,4.00,1,69,5,8,10,668.50,0,4,391,0
1409,2,0,0.00,NULL,0.50,7.50,4.00,0,33,5,5,34,1156.00,0,1,392,0
1410,5,1,162.49,162.49,0.20,9.00,3.60,1,68,5,13,51,925.40,39,5,393,0
1411,2,0,0.00,NULL,0.50,2.50,4.00,1,210,5,6,27,1230.00,0,0,394,0
1412,3,1,698.61,698.61,0.33,15.00,3.67,1,25,5,7,36,1168.33,4,4,395,0
1413,3,0,0.00,NULL,1.00,5.00,4.00,2,54,1,9,16,1243.67,0,5,396,0
1414,2,0,0.00,NULL,1.00,10.00,4.00,0,150,5,5,22,1111.00,0,3,397,0
1416,5,0,0.00,NULL,0.40,5.00,4.00,1,97,6,9,48,904.40,0,5,398,0
1417,5,0,0.00,NULL,0.40,8.00,4.00,2,86,7,10,74,672.20,0,5,399,0
1418,2,1,829.86,829.86,0.50,17.50,4.50,2,174,7,5,44,1283.50,39,5,400,0
1419,6,2,5203.04,2601.52,0.17,7.50,3.50,2,5,6,14,58,830.67,69,5,401,0
1420,3,1,4219.62,4219.62,0.00,3.33,4.00,1,95,5,8,45,1197.00,22,1,402,1
1421,2,0,0.00,NULL,0.50,20.00,4.00,1,61,2,6,16,139.50,0,4,403,0
1422,2,1,2685.78,2685.78,0.00,7.50,4.50,1,59,3,5,14,1415.00,31,4,404,0
1423,2,1,1066.10,1066.10,0.00,17.50,2.50,2,165,6,3,19,950.50,19,2,405,0
1424,2,1,513.70,513.70,0.50,0.00,3.00,0,47,6,5,39,1408.00,36,5,406,0
1425,4,1,518.32,518.32,0.50,7.50,4.00,1,72,7,10,68,1112.50,16,5,407,0
1426,6,0,0.00,NULL,0.83,6.67,4.00,2,38,7,14,79,768.67,0,4,408,0
1427,4,1,2279.68,2279.68,0.50,15.00,3.50,1,33,7,9,79,803.75,30,3,409,0
1429,2,0,0.00,NULL,1.00,5.00,4.00,2,134,7,5,37,945.00,0,1,410,0
1430,2,1,3753.00,3753.00,0.00,10.00,3.00,1,194,4,5,31,472.00,19,5,411,0
1431,1,0,0.00,NULL,1.00,0.00,4.00,1,164,7,1,1,1538.00,0,1,412,1
1432,2,0,0.00,NULL,0.50,0.00,4.00,1,81,3,4,34,1338.00,0,1,413,0
1433,2,2,8307.94,4153.97,0.00,5.00,2.50,1,72,6,8,19,520.00,23,3,414,0
1434,3,1,2580.84,2580.84,0.00,6.67,3.67,2,57,7,7,34,687.33,19,3,415,0
1435,1,0,0.00,NULL,1.00,0.00,4.00,0,87,5,2,4,1393.00,0,1,416,0
1436,2,1,3005.46,3005.46,0.50,10.00,4.00,1,93,3,6,28,524.50,24,4,417,0
1437,5,2,1919.23,959.62,0.40,9.00,3.80,1,43,6,9,89,852.80,50,5,418,0
1438,3,1,313.88,313.88,0.33,8.33,4.00,1,9,6,4,41,1319.33,12,4,419,1
1439,2,0,0.00,NULL,0.50,12.50,4.00,1,209,5,6,29,758.00,0,4,420,0
1440,4,1,5960.25,5960.25,0.00,10.00,4.25,2,223,5,9,47,1001.00,0,5,421,1
1441,3,1,503.92,503.92,0.33,13.33,4.00,1,58,5,9,36,1008.67,3,2,422,0
1442,4,0,0.00,NULL,0.75,12.50,4.00,1,82,7,9,41,379.25,0,4,423,0
1443,3,0,0.00,NULL,1.00,11.67,4.00,1,58,2,7,43,900.00,0,1,424,0
1445,4,2,2774.91,1387.46,0.50,6.25,3.75,1,9,7,7,77,1218.75,39,5,425,0
1446,3,0,0.00,NULL,0.33,10.00,4.00,1,87,6,9,40,1193.67,0,4,426,0
1447,5,2,2317.72,1158.86,0.20,11.00,4.20,1,94,6,11,84,553.40,77,5,427,1
1448,3,0,0.00,NULL,0.67,16.67,4.00,1,86,6,9,25,863.33,0,4,428,0
1450,3,1,2384.76,2384.76,0.33,1.67,4.33,1,94,4,12,32,620.33,36,2,429,0
1451,2,1,471.13,471.13,0.50,12.50,4.00,1,66,0,4,23,1287.50,21,4,430,1
1452,1,0,0.00,NULL,0.00,20.00,4.00,1,134,4,3,6,523.00,0,0,431,0
1453,4,0,0.00,NULL,0.25,6.25,4.00,1,38,6,7,47,1076.00,0,5,432,0
1454,6,1,2611.03,2611.03,0.33,16.67,3.83,1,77,6,16,86,792.00,28,4,433,0
1455,3,1,254.85,254.85,0.33,13.33,3.33,1,191,7,6,27,1184.67,22,4,434,0
1456,2,2,2899.21,1449.61,0.00,7.50,4.50,1,69,3,3,32,1511.50,69,4,435,0
1457,3,0,0.00,NULL,0.67,5.00,4.00,1,64,6,8,26,498.33,0,1,436,1
1458,5,2,2026.27,1013.14,0.20,8.00,4.20,2,88,6,7,39,779.40,68,5,437,0
1459,1,0,0.00,NULL,0.00,0.00,4.00,0,175,5,3,24,1594.00,0,4,438,0
1460,1,0,0.00,NULL,0.00,15.00,4.00,1,14,5,2,17,1420.00,0,2,439,0
1461,1,1,579.51,579.51,0.00,0.00,3.00,0,54,6,1,10,988.00,10,4,440,0
1462,3,2,1191.03,595.52,0.00,13.33,4.00,2,83,7,7,32,1306.00,80,2,441,1
1463,3,1,4949.60,4949.60,0.67,11.67,4.33,2,81,5,11,34,1130.67,16,4,442,0
1464,5,2,1238.58,619.29,0.40,4.00,3.80,2,80,4,12,62,1342.60,29,5,443,0
1465,6,0,0.00,NULL,0.83,14.17,4.00,2,67,5,19,56,753.00,0,5,444,0
1466,2,1,1417.23,1417.23,0.50,7.50,4.00,2,2,7,5,38,326.00,27,3,445,1
1467,5,2,1121.45,560.73,0.40,11.00,4.20,2,63,7,12,80,1026.20,45,4,446,0
1468,3,0,0.00,NULL,0.67,6.67,4.00,1,60,7,10,51,835.00,0,4,447,0
1469,2,0,0.00,NULL,0.50,0.00,4.00,1,97,6,4,25,292.00,0,4,448,0
1470,4,0,0.00,NULL,0.75,10.00,4.00,1,49,5,12,36,679.25,0,4,449,0
1471,3,1,1161.18,1161.18,0.33,15.00,4.33,1,42,5,8,45,1144.00,0,2,450,0
1472,3,1,220.52,220.52,0.00,18.33,3.33,1,150,7,8,51,1233.33,25,5,451,0
1473,3,1,1213.67,1213.67,0.33,8.33,4.00,1,70,5,11,16,859.67,14,5,452,0
1474,2,0,0.00,NULL,0.50,10.00,4.00,2,57,5,2,36,527.50,0,4,453,0
1475,1,0,0.00,NULL,1.00,15.00,4.00,2,162,1,3,16,471.00,0,5,454,0
1477,3,1,2809.28,2809.28,0.33,11.67,3.67,1,5,5,10,32,1105.67,4,5,455,0
1478,3,1,656.62,656.62,0.00,3.33,4.00,1,200,4,6,40,1012.67,5,4,456,0
1479,5,1,2925.48,2925.48,0.40,11.00,4.00,1,26,5,10,59,840.20,27,4,457,0
1480,3,0,0.00,NULL,0.67,6.67,4.00,1,201,4,3,36,585.33,0,5,458,0
1482,1,0,0.00,NULL,1.00,10.00,4.00,0,125,2,4,3,784.00,0,2,459,0
1483,2,2,4226.91,2113.46,0.00,10.00,4.00,1,40,7,4,33,886.50,49,0,460,0
1484,6,2,4044.91,2022.46,0.67,7.50,3.50,2,77,6,16,89,704.50,65,5,461,0
1485,2,0,0.00,NULL,0.50,0.00,4.00,1,29,7,6,22,519.00,0,5,462,0
1486,2,1,2089.06,2089.06,0.00,7.50,4.50,2,54,4,4,30,668.00,29,4,463,0
1487,3,1,5778.76,5778.76,0.00,13.33,4.33,1,162,5,10,48,961.00,31,4,464,0
1488,2,0,0.00,NULL,1.00,7.50,4.00,2,31,6,7,23,383.00,0,3,465,0
1489,5,2,730.27,365.14,0.00,11.00,4.00,1,23,7,7,48,874.60,27,5,466,0
1490,4,1,1211.39,1211.39,0.50,11.25,4.00,2,57,6,8,75,506.00,34,5,467,0
1491,2,0,0.00,NULL,1.00,5.00,4.00,1,4,6,4,26,737.00,0,5,468,0
1492,6,2,2307.77,1153.89,0.33,0.00,3.83,2,6,7,11,53,1171.00,62,5,469,0
1493,1,1,416.59,416.59,0.00,0.00,3.00,1,190,3,1,3,419.00,17,4,470,0
1494,3,0,0.00,NULL,0.67,10.00,4.00,2,87,6,8,29,931.00,0,3,471,1
1495,2,0,0.00,NULL,0.50,5.00,4.00,1,21,7,6,26,883.50,0,3,472,0
1496,5,2,2929.30,1464.65,0.20,2.00,4.20,2,54,7,14,53,603.60,34,5,473,0
1497,2,1,5020.50,5020.50,0.00,5.00,4.50,1,86,2,7,14,1730.00,22,4,474,0
1498,4,1,5302.37,5302.37,0.00,8.75,3.75,1,216,4,11,51,452.00,24,5,475,0
1499,5,1,131.96,131.96,0.80,5.00,4.00,2,98,6,12,92,941.40,6,4,476,1
1500,2,0,0.00,NULL,0.50,5.00,4.00,1,205,2,6,37,1562.00,0,5,477,0
1501,1,1,6016.54,6016.54,0.00,15.00,5.00,1,3,2,4,10,127.00,44,5,478,0
1502,1,0,0.00,NULL,1.00,30.00,4.00,2,152,7,2,19,972.00,0,3,479,0
1503,4,1,4151.74,4151.74,0.75,8.75,3.75,2,74,7,10,51,1148.00,21,5,480,1
1505,4,1,574.40,574.40,0.75,5.00,4.00,1,71,7,13,57,884.00,2,4,481,0
1506,5,4,11867.10,2966.78,0.00,12.00,3.20,2,75,6,17,49,1118.60,76,3,482,0
1507,1,0,0.00,NULL,0.00,0.00,4.00,1,23,0,4,13,965.00,0,1,483,0
1508,1,0,0.00,NULL,1.00,15.00,4.00,1,37,3,2,4,1451.00,0,0,484,1
1509,2,1,963.20,963.20,0.50,10.00,4.00,1,215,6,5,26,1218.50,6,5,485,0
1510,3,1,4993.48,4993.48,0.33,5.00,4.00,1,84,5,11,44,1422.00,24,2,486,0
1511,2,0,0.00,NULL,0.00,5.00,4.00,1,44,6,4,21,1034.00,0,4,487,0
1512,2,0,0.00,NULL,0.00,10.00,4.00,0,40,4,5,10,764.00,0,5,488,0
1513,4,1,165.17,165.17,0.25,17.50,3.75,2,9,5,8,41,933.75,36,3,489,0
1514,2,0,0.00,NULL,1.00,7.50,4.00,2,209,6,6,26,925.50,0,4,490,0
1515,5,3,1602.91,534.30,0.00,5.00,4.00,1,48,7,11,84,1310.60,50,5,491,0
1516,2,0,0.00,NULL,0.00,10.00,4.00,2,4,6,7,24,989.50,0,3,492,0
1517,4,1,2029.92,2029.92,0.75,25.00,4.00,1,87,2,12,47,762.75,44,5,493,0
1518,4,3,6890.76,2296.92,0.25,8.75,4.00,1,4,7,11,38,1506.25,91,5,494,0
1519,2,0,0.00,NULL,1.00,0.00,4.00,1,78,6,6,10,791.00,0,5,495,0
1520,1,0,0.00,NULL,0.00,0.00,4.00,0,173,6,2,23,514.00,0,0,496,0
1521,3,1,334.46,334.46,0.33,5.00,4.00,2,95,4,6,19,807.00,12,4,497,0
1522,4,0,0.00,NULL,1.00,2.50,4.00,2,87,6,14,41,790.00,0,5,498,0
1523,3,1,5576.10,5576.10,0.33,10.00,4.00,2,92,6,6,28,987.00,36,4,499,0
1524,5,1,972.99,972.99,0.20,10.00,4.00,1,92,7,13,51,728.00,14,5,500,0
1525,1,0,0.00,NULL,1.00,20.00,4.00,0,127,5,2,15,54.00,0,2,501,0
1526,4,0,0.00,NULL,0.00,12.50,4.00,2,151,7,12,33,634.00,0,4,502,0
1527,1,1,476.82,476.82,0.00,10.00,4.00,2,144,5,1,10,294.00,8,3,503,0
1528,2,0,0.00,NULL,0.50,5.00,4.00,0,88,2,7,28,291.00,0,2,504,0
1529,3,2,4588.91,2294.46,0.33,0.00,4.00,0,206,7,4,29,1317.67,42,3,505,0
1530,2,2,1126.92,563.46,0.00,7.50,4.50,2,59,7,5,15,910.50,54,3,506,0
1531,1,1,2598.35,2598.35,0.00,10.00,3.00,0,60,6,2,21,1152.00,21,0,507,0
1532,5,1,3212.50,3212.50,0.40,16.00,4.00,1,55,6,12,49,892.80,36,5,508,0
1533,1,1,1858.18,1858.18,0.00,10.00,4.00,0,180,1,4,8,989.00,35,5,509,0
1534,4,0,0.00,NULL,0.50,6.25,4.00,1,47,7,13,54,462.25,0,5,510,0
1535,4,0,0.00,NULL,0.75,7.50,4.00,1,56,6,9,57,1204.75,0,5,511,0
1536,1,0,0.00,NULL,1.00,15.00,4.00,1,72,2,2,11,504.00,0,1,512,0
1537,2,0,0.00,NULL,0.50,17.50,4.00,2,210,6,6,25,1294.50,0,1,513,0
1538,5,1,1661.69,1661.69,0.20,5.00,4.00,2,9,7,13,86,762.40,34,4,514,0
1539,4,2,4421.79,2210.90,0.00,5.00,3.25,1,61,7,8,66,732.50,33,5,515,0
1541,1,0,0.00,NULL,1.00,10.00,4.00,1,82,7,4,18,1405.00,0,5,516,0
1542,2,0,0.00,NULL,0.50,27.50,4.00,1,218,6,4,38,1252.50,0,3,517,0
1543,4,1,4321.89,4321.89,0.75,5.00,4.25,1,223,5,13,44,713.00,44,4,518,1
1544,4,0,0.00,NULL,0.50,15.00,4.00,2,95,4,8,58,702.00,0,5,519,0
1545,7,2,1395.81,697.91,0.29,7.86,4.14,1,99,6,15,116,570.00,83,5,520,0
1546,1,0,0.00,NULL,0.00,25.00,4.00,1,102,1,4,19,146.00,0,2,521,0
1547,3,0,0.00,NULL,0.67,21.67,4.00,1,4,7,11,53,871.00,0,2,522,0
1548,1,1,2348.55,2348.55,0.00,15.00,5.00,1,60,2,3,3,165.00,20,0,523,0
1550,5,2,7921.13,3960.57,0.40,11.00,4.00,2,43,7,14,69,729.40,40,3,524,0
1551,4,1,641.61,641.61,0.75,20.00,3.75,2,82,4,8,54,465.75,35,4,525,0
1552,1,0,0.00,NULL,1.00,0.00,4.00,1,46,6,1,23,437.00,0,2,526,0
1553,2,0,0.00,NULL,0.50,0.00,4.00,1,99,5,6,21,849.50,0,5,527,0
1554,3,0,0.00,NULL,0.33,6.67,4.00,1,87,4,10,58,1134.67,0,1,528,0
1555,3,1,2601.76,2601.76,0.00,8.33,4.33,2,97,7,7,42,578.00,23,3,529,1
1556,4,0,0.00,NULL,0.50,6.25,4.00,1,186,7,10,66,479.00,0,5,530,0
1557,2,1,1890.24,1890.24,0.50,10.00,2.50,1,64,7,5,34,733.00,34,2,531,0
1558,2,0,0.00,NULL,0.50,12.50,4.00,1,69,5,7,28,1353.00,0,5,532,0
1559,1,0,0.00,NULL,1.00,0.00,4.00,1,156,2,2,15,1440.00,0,5,533,1
1560,2,1,1852.44,1852.44,0.50,12.50,4.50,2,7,7,7,21,1141.50,1,1,534,0
1561,2,0,0.00,NULL,0.50,17.50,4.00,2,55,3,5,10,1039.00,0,3,535,1
1562,3,0,0.00,NULL,0.67,5.00,4.00,1,74,3,5,38,1122.00,0,3,536,0
1563,3,0,0.00,NULL,0.67,8.33,4.00,1,45,5,10,47,785.00,0,4,537,0
1564,5,1,1536.96,1536.96,0.20,11.00,4.00,1,60,7,14,68,864.20,40,5,538,0
1565,1,0,0.00,NULL,1.00,0.00,4.00,0,171,6,4,4,1566.00,0,0,539,0
1566,3,1,589.15,589.15,0.67,16.67,4.33,1,89,7,7,21,797.67,22,3,540,0
1567,1,0,0.00,NULL,0.00,15.00,4.00,1,145,7,4,14,929.00,0,5,541,0
1568,1,0,0.00,NULL,1.00,0.00,4.00,2,45,5,1,18,442.00,0,0,542,0
1569,5,1,2879.92,2879.92,0.60,11.00,4.20,1,9,7,14,71,965.80,11,5,543,0
1570,3,1,3623.82,3623.82,0.00,5.00,4.33,2,211,6,10,31,1001.00,32,5,544,1
1571,2,1,2562.31,2562.31,0.00,7.50,3.50,1,75,7,5,34,1048.50,23,4,545,0
1572,2,0,0.00,NULL,0.50,15.00,4.00,0,4,7,5,22,913.00,0,4,546,0
1573,3,0,0.00,NULL,0.67,6.67,4.00,2,41,2,7,33,962.00,0,5,547,0
1574,2,0,0.00,NULL,0.00,10.00,4.00,1,152,6,3,28,906.50,0,5,548,0
1575,4,0,0.00,NULL,0.00,12.50,4.00,1,56,4,7,37,1327.50,0,4,549,0
1576,1,0,0.00,NULL,0.00,20.00,4.00,1,145,2,1,22,1426.00,0,4,550,0
1577,4,1,1887.37,1887.37,0.50,1.25,4.00,1,33,7,10,63,989.75,43,4,551,1
1578,1,0,0.00,NULL,0.00,0.00,4.00,1,210,5,1,4,74.00,0,4,552,0
1579,4,0,0.00,NULL,1.00,18.75,4.00,1,72,3,9,57,933.75,0,4,553,0
1580,1,0,0.00,NULL,1.00,25.00,4.00,0,76,1,1,17,1461.00,0,1,554,0
1581,2,1,956.08,956.08,0.50,7.50,3.50,1,40,5,2,23,1053.00,10,0,555,0
1582,4,0,0.00,NULL,0.75,5.00,4.00,1,76,3,9,17,746.50,0,4,556,0
1583,3,0,0.00,NULL,0.00,5.00,4.00,1,91,7,10,50,1274.67,0,5,557,0
1584,2,0,0.00,NULL,0.50,25.00,4.00,2,74,6,6,23,859.00,0,5,558,0
1585,3,1,4847.17,4847.17,0.33,3.33,4.33,2,57,6,7,48,1178.67,8,5,559,0
1586,4,0,0.00,NULL,0.50,6.25,4.00,1,69,6,9,37,873.25,0,3,560,0
1587,1,0,0.00,NULL,1.00,0.00,4.00,0,203,2,1,12,268.00,0,2,561,0
1588,1,0,0.00,NULL,0.00,5.00,4.00,2,198,1,2,2,220.00,0,0,562,1
1589,3,1,1146.60,1146.60,0.67,3.33,4.33,1,29,4,4,29,634.00,35,4,563,1
1591,3,0,0.00,NULL,0.67,8.33,4.00,2,59,5,9,59,1146.33,0,4,564,0
1592,2,0,0.00,NULL,0.50,2.50,4.00,0,206,7,5,26,1219.00,0,5,565,0
1593,4,0,0.00,NULL,0.75,7.50,4.00,1,19,5,10,39,1396.50,0,5,566,0
1594,5,0,0.00,NULL,0.40,3.00,4.00,2,51,7,17,77,1385.40,0,5,567,0
1595,2,1,253.56,253.56,0.50,22.50,3.00,1,66,4,6,32,1225.00,47,5,568,1
1596,1,0,0.00,NULL,0.00,10.00,4.00,0,62,4,3,24,1579.00,0,0,569,0
1597,4,0,0.00,NULL,0.75,13.75,4.00,1,70,6,12,57,808.50,0,5,570,0
1598,5,0,0.00,NULL,0.40,9.00,4.00,2,39,6,12,63,1180.80,0,2,571,0
1599,4,2,3167.74,1583.87,0.50,8.75,4.00,1,3,7,7,58,755.50,54,5,572,0
1600,2,1,970.88,970.88,0.00,0.00,2.50,0,213,7,5,28,277.00,31,2,573,1
1601,2,1,1166.22,1166.22,0.50,12.50,4.50,0,171,7,4,28,421.00,22,2,574,0
1602,2,0,0.00,NULL,0.50,0.00,4.00,1,135,7,3,35,531.00,0,5,575,0
1603,1,0,0.00,NULL,1.00,0.00,4.00,2,24,4,4,2,522.00,0,4,576,0
1604,5,1,425.65,425.65,0.20,11.00,4.00,1,191,4,8,36,969.60,18,4,577,0
1605,2,0,0.00,NULL,0.50,5.00,4.00,1,84,7,6,35,943.00,0,2,578,0
1606,2,0,0.00,NULL,0.50,12.50,4.00,1,66,6,3,36,716.50,0,3,579,0
1607,4,1,766.55,766.55,0.50,5.00,4.25,1,9,7,9,47,1076.25,7,2,580,0
1608,5,4,8634.02,2158.51,0.00,8.00,3.80,1,61,7,16,62,630.40,126,5,581,0
1609,2,0,0.00,NULL,0.50,5.00,4.00,0,169,5,7,22,789.00,0,2,582,0
1610,1,0,0.00,NULL,0.00,0.00,4.00,2,168,2,4,23,94.00,0,3,583,0
1611,5,0,0.00,NULL,0.60,12.00,4.00,1,87,7,13,54,419.40,0,5,584,0
1612,2,1,2539.10,2539.10,0.50,12.50,4.00,1,74,3,7,25,411.50,2,0,585,0
1613,3,2,2440.56,1220.28,0.33,0.00,3.33,1,20,6,7,56,915.67,72,5,586,0
1614,2,0,0.00,NULL,0.50,0.00,4.00,1,143,2,7,12,845.00,0,4,587,0
1615,5,1,2330.22,2330.22,0.40,19.00,4.20,2,9,6,11,82,651.80,21,5,588,0
1616,2,0,0.00,NULL,1.00,2.50,4.00,1,61,6,6,34,423.50,0,5,589,0
1617,1,0,0.00,NULL,1.00,25.00,4.00,1,189,4,2,8,714.00,0,1,590,0
1618,3,2,1529.82,764.91,0.00,15.00,3.33,1,87,6,7,44,932.00,41,2,591,1
1619,2,0,0.00,NULL,0.50,12.50,4.00,1,22,6,5,18,567.50,0,2,592,1
1620,3,1,4390.95,4390.95,0.67,3.33,4.00,2,28,7,7,38,920.00,9,5,593,0
1621,1,0,0.00,NULL,1.00,10.00,4.00,1,101,0,2,3,617.00,0,1,594,0
1622,4,1,1951.13,1951.13,0.00,13.75,4.00,1,72,6,12,46,1088.25,42,5,595,0
1623,3,0,0.00,NULL,0.33,1.67,4.00,1,76,6,6,41,601.33,0,5,596,0
1624,4,2,1483.57,741.79,0.25,5.00,4.00,1,48,5,9,52,932.25,18,4,597,0
1625,2,0,0.00,NULL,0.50,12.50,4.00,1,219,5,3,28,365.50,0,5,598,0
1626,5,0,0.00,NULL,0.60,8.00,4.00,1,91,5,15,59,825.80,0,5,599,0
1627,1,1,1327.00,1327.00,0.00,25.00,5.00,1,103,2,2,22,802.00,24,3,600,0
1628,6,0,0.00,NULL,0.83,12.50,4.00,2,41,6,12,74,1022.83,0,4,601,0
1629,3,1,432.01,432.01,0.67,11.67,3.33,2,90,5,5,49,886.00,36,5,602,0
1630,3,0,0.00,NULL,0.33,10.00,4.00,2,77,7,8,34,480.00,0,4,603,1
1631,3,1,2336.52,2336.52,0.00,1.67,4.33,0,171,7,11,49,1277.67,17,5,604,0
1632,5,2,1683.59,841.80,0.20,11.00,3.80,2,67,7,11,62,817.20,45,5,605,0
1633,1,0,0.00,NULL,1.00,30.00,4.00,0,185,0,3,7,1566.00,0,0,606,1
1634,6,0,0.00,NULL,0.50,13.33,4.00,1,83,6,15,66,760.50,0,5,607,0
1635,5,2,1696.40,848.20,0.60,9.00,4.20,1,65,6,11,49,890.60,33,5,608,0
1636,2,0,0.00,NULL,0.50,5.00,4.00,0,37,7,6,12,812.50,0,1,609,0
1637,2,0,0.00,NULL,0.50,2.50,4.00,1,8,5,6,46,439.00,0,4,610,0
1638,2,0,0.00,NULL,0.50,7.50,4.00,1,85,6,7,27,953.00,0,4,611,0
1639,3,0,0.00,NULL,0.67,0.00,4.00,1,25,6,11,35,611.33,0,4,612,1
1640,2,1,765.98,765.98,0.50,10.00,4.00,1,33,1,4,36,1462.00,6,4,613,0
1641,4,1,1094.88,1094.88,0.75,11.25,4.25,1,5,6,12,59,1204.25,18,5,614,0
1642,2,0,0.00,NULL,0.00,10.00,4.00,2,118,4,4,32,1340.50,0,3,615,0
1643,2,0,0.00,NULL,1.00,12.50,4.00,1,78,4,2,11,974.50,0,2,616,0
1644,4,2,1552.99,776.50,0.50,17.50,3.50,1,88,7,10,35,902.50,52,5,617,0
1645,2,1,3067.74,3067.74,0.50,12.50,3.50,1,57,5,8,30,843.50,45,3,618,0
1646,8,2,5386.24,2693.12,0.25,7.50,3.88,1,98,6,21,104,621.75,92,5,619,0
1647,3,2,3613.10,1806.55,0.33,10.00,3.67,1,90,6,6,31,1119.33,60,4,620,0
1648,2,0,0.00,NULL,0.50,7.50,4.00,1,40,7,4,23,1176.00,0,2,621,0
1649,2,1,1929.76,1929.76,0.50,10.00,3.00,0,81,5,3,21,846.50,28,1,622,0
1651,2,0,0.00,NULL,0.00,10.00,4.00,1,176,7,7,33,1019.00,0,2,623,0
1652,4,0,0.00,NULL,0.50,2.50,4.00,1,93,7,9,43,793.50,0,3,624,0
1653,1,0,0.00,NULL,1.00,0.00,4.00,0,204,6,2,14,1105.00,0,1,625,0
1655,2,0,0.00,NULL,0.50,12.50,4.00,1,211,3,3,32,981.00,0,3,626,1
1656,3,0,0.00,NULL,1.00,0.00,4.00,2,220,6,10,41,103.33,0,4,627,0
1657,3,2,1068.19,534.10,0.33,3.33,4.67,1,86,7,6,39,1091.00,57,3,628,0
1658,2,1,1048.12,1048.12,0.50,2.50,4.00,2,215,3,6,38,1014.00,25,2,629,0
1659,5,1,809.91,809.91,0.40,11.00,3.40,2,92,7,15,53,789.40,35,3,630,0
1660,1,0,0.00,NULL,0.00,0.00,4.00,1,118,1,3,19,1046.00,0,1,631,0
1661,5,3,10152.52,3384.17,0.20,3.00,4.40,2,79,6,18,71,1171.00,39,5,632,0
1662,3,0,0.00,NULL,0.67,10.00,4.00,1,90,7,6,52,839.33,0,4,633,0
1663,3,0,0.00,NULL,0.33,5.00,4.00,1,83,7,10,37,888.33,0,4,634,0
1664,2,0,0.00,NULL,0.50,5.00,4.00,1,22,5,7,30,1016.50,0,3,635,1
1665,3,0,0.00,NULL,0.67,11.67,4.00,1,42,7,7,51,636.00,0,5,636,1
1666,6,0,0.00,NULL,0.33,10.00,4.00,1,86,7,9,80,987.67,0,5,637,0
1667,3,1,3170.98,3170.98,0.33,6.67,4.00,1,208,2,7,38,961.67,13,5,638,0
1668,3,1,722.80,722.80,0.33,6.67,4.00,1,34,7,8,34,1243.00,6,5,639,0
1669,1,0,0.00,NULL,1.00,0.00,4.00,0,81,0,3,16,297.00,0,1,640,0
1671,3,0,0.00,NULL,0.33,11.67,4.00,1,84,6,8,40,491.00,0,4,641,0
1672,4,1,807.22,807.22,0.50,15.00,4.00,2,5,5,6,67,898.75,43,5,642,0
1673,1,1,1104.84,1104.84,0.00,0.00,2.00,1,62,0,4,22,304.00,32,3,643,1
1674,4,0,0.00,NULL,0.75,6.25,4.00,1,42,5,11,55,969.25,0,5,644,0
1675,5,2,5207.36,2603.68,0.40,7.00,4.00,2,35,7,13,58,641.60,61,5,645,1
1676,2,2,3942.97,1971.49,0.00,10.00,4.00,1,96,1,5,25,756.50,26,2,646,0
1677,3,0,0.00,NULL,1.00,15.00,4.00,1,224,7,6,59,761.67,0,2,647,0
1678,2,0,0.00,NULL,0.50,7.50,4.00,2,195,2,5,21,1047.50,0,3,648,0
1679,3,0,0.00,NULL,0.33,3.33,4.00,1,67,5,6,48,1063.67,0,3,649,0
1680,2,0,0.00,NULL,1.00,10.00,4.00,1,84,5,7,15,1161.00,0,5,650,0
1681,2,1,407.71,407.71,0.00,20.00,4.00,0,154,4,3,40,1142.00,4,3,651,0
1682,3,1,2536.28,2536.28,0.67,13.33,4.00,1,76,6,5,40,847.00,46,4,652,0
1683,3,1,1929.00,1929.00,0.33,10.00,3.33,1,29,7,8,34,723.33,9,3,653,0
1684,2,0,0.00,NULL,0.00,12.50,4.00,2,143,5,4,38,896.50,0,1,654,0
1687,2,1,1318.78,1318.78,0.00,0.00,2.50,2,213,5,6,19,176.50,16,3,655,0
1688,3,1,1141.31,1141.31,0.33,10.00,4.33,1,53,6,9,58,672.00,21,5,656,1
1689,3,0,0.00,NULL,0.67,10.00,4.00,1,193,5,7,45,487.67,0,3,657,0
1690,5,2,3004.06,1502.03,0.00,9.00,3.80,2,92,6,12,82,996.20,93,5,658,0
1691,2,0,0.00,NULL,0.50,15.00,4.00,0,205,5,4,24,559.00,0,1,659,0
1692,5,0,0.00,NULL,0.80,13.00,4.00,1,81,7,11,79,746.00,0,4,660,1
1693,2,0,0.00,NULL,0.50,0.00,4.00,1,29,7,5,22,1266.00,0,3,661,0
1694,4,1,3849.17,3849.17,0.00,7.50,4.00,1,91,7,8,36,546.00,18,4,662,0
1695,2,1,725.39,725.39,0.00,2.50,4.50,2,65,5,5,6,377.50,13,4,663,0
1696,3,0,0.00,NULL,0.67,15.00,4.00,1,61,4,6,40,997.67,0,4,664,0
1697,3,1,1989.62,1989.62,0.33,0.00,3.67,2,7,6,5,49,1493.00,35,1,665,0
1698,2,2,4020.00,2010.00,0.00,0.00,3.50,1,91,2,4,41,743.00,28,2,666,0
1699,2,1,1136.57,1136.57,0.00,17.50,4.50,2,5,7,5,28,458.00,43,5,667,0
1700,2,0,0.00,NULL,0.50,5.00,4.00,2,145,6,5,11,372.50,0,5,668,0
1701,1,0,0.00,NULL,0.00,10.00,4.00,1,81,3,2,16,286.00,0,5,669,0
1702,2,2,805.17,402.59,0.00,10.00,5.00,2,41,6,3,12,779.50,31,5,670,0
1703,4,1,2702.64,2702.64,0.50,6.25,4.00,1,99,4,12,69,1272.50,48,5,671,0
1704,1,0,0.00,NULL,1.00,20.00,4.00,1,133,7,2,13,1288.00,0,4,672,0
1705,1,0,0.00,NULL,0.00,5.00,4.00,1,165,2,4,8,1537.00,0,3,673,0
1706,5,1,1735.80,1735.80,0.00,6.00,3.80,1,3,1,12,61,745.40,39,4,674,0
1707,2,0,0.00,NULL,0.00,10.00,4.00,2,96,6,3,20,1297.00,0,1,675,0
1708,3,2,1565.29,782.65,0.00,10.00,4.00,1,217,7,6,51,895.67,44,3,676,0
1709,2,1,1876.09,1876.09,0.50,17.50,4.00,1,43,3,7,13,638.00,38,4,677,1
1710,2,1,6703.32,6703.32,0.00,0.00,3.50,1,151,5,8,19,1109.00,44,4,678,0
1711,5,3,1730.48,576.83,0.20,8.00,4.00,2,46,7,9,62,963.40,76,4,679,0
1712,6,1,3794.86,3794.86,0.17,0.83,4.00,2,94,6,17,74,979.67,48,4,680,0
1713,3,1,1641.20,1641.20,0.00,3.33,4.00,1,170,6,9,38,688.67,42,5,681,0
1714,1,0,0.00,NULL,1.00,25.00,4.00,0,141,6,2,18,570.00,0,0,682,0
1715,4,0,0.00,NULL,0.25,10.00,4.00,1,78,6,12,63,337.50,0,5,683,0
1716,2,0,0.00,NULL,0.50,15.00,4.00,1,67,6,3,12,916.00,0,2,684,0
1717,4,0,0.00,NULL,0.25,6.25,4.00,1,55,4,7,45,1094.75,0,5,685,0
1719,3,2,4606.89,2303.45,0.00,8.33,2.33,1,24,6,8,28,978.33,53,5,686,0
1720,4,1,2791.04,2791.04,0.25,12.50,4.25,1,8,5,8,56,922.50,21,5,687,0
1721,1,0,0.00,NULL,1.00,10.00,4.00,1,114,5,3,5,618.00,0,4,688,0
1722,2,2,2146.97,1073.49,0.00,15.00,2.50,2,89,7,5,32,1572.50,86,5,689,0
1723,3,1,365.57,365.57,0.67,3.33,3.67,1,99,6,8,33,819.67,20,5,690,1
1724,1,0,0.00,NULL,1.00,0.00,4.00,1,146,1,1,5,1138.00,0,1,691,0
1725,1,0,0.00,NULL,1.00,20.00,4.00,1,103,5,4,4,908.00,0,0,692,0
1726,4,0,0.00,NULL,0.25,6.25,4.00,1,150,7,10,36,1090.25,0,5,693,0
1727,5,0,0.00,NULL,0.60,13.00,4.00,2,199,7,10,45,927.20,0,5,694,0
1728,2,1,4775.00,4775.00,0.00,7.50,4.50,1,125,2,7,44,1721.50,12,1,695,0
1729,1,0,0.00,NULL,0.00,15.00,4.00,1,57,0,4,15,1161.00,0,1,696,0
1730,3,1,681.53,681.53,0.33,15.00,3.00,1,90,5,3,56,757.67,35,5,697,0
1731,3,1,1130.10,1130.10,0.33,10.00,3.33,2,47,4,8,41,669.00,34,4,698,1
1732,2,1,415.91,415.91,0.50,7.50,3.00,2,162,6,3,44,342.00,24,3,699,0
1733,2,1,688.34,688.34,0.50,7.50,4.50,1,29,2,2,31,936.00,16,4,700,0
1734,5,0,0.00,NULL,0.60,5.00,4.00,1,87,6,10,64,1007.20,0,5,701,0
1735,2,0,0.00,NULL,0.50,7.50,4.00,2,220,5,4,39,591.00,0,5,702,0
1736,1,1,2510.82,2510.82,0.00,30.00,4.00,1,119,2,3,1,286.00,29,2,703,0
1737,2,0,0.00,NULL,0.00,5.00,4.00,0,136,3,5,42,712.00,0,5,704,0
1738,3,3,13800.96,4600.32,0.00,0.00,2.67,1,38,6,9,44,1403.00,63,5,705,0
1740,2,0,0.00,NULL,0.00,5.00,4.00,2,200,5,7,34,149.50,0,4,706,0
1741,5,0,0.00,NULL,0.40,11.00,4.00,1,91,6,16,91,1457.60,0,4,707,0
1742,2,1,1286.80,1286.80,0.50,10.00,3.00,2,22,5,6,12,1661.50,29,4,708,0
1743,3,0,0.00,NULL,1.00,16.67,4.00,1,65,7,5,42,566.00,0,2,709,0
1744,1,0,0.00,NULL,0.00,0.00,4.00,1,176,2,1,8,1599.00,0,4,710,1
1745,4,2,1012.98,506.49,0.25,7.50,4.00,2,75,7,13,48,1258.50,69,3,711,0
1746,3,1,288.04,288.04,0.33,11.67,4.00,1,26,7,7,50,553.33,7,5,712,0
1747,3,3,5489.89,1829.96,0.00,6.67,4.00,2,84,6,7,41,811.67,33,4,713,0
1748,3,0,0.00,NULL,0.00,11.67,4.00,2,79,6,8,57,833.67,0,5,714,0
1749,3,1,882.81,882.81,0.33,10.00,3.67,2,169,5,6,36,649.67,3,5,715,1
1750,1,0,0.00,NULL,1.00,10.00,4.00,1,220,4,2,2,1003.00,0,2,716,1
1751,5,1,1128.93,1128.93,0.40,2.00,4.20,2,94,7,10,36,997.80,26,5,717,0
1752,1,0,0.00,NULL,0.00,0.00,4.00,1,54,2,3,10,201.00,0,0,718,0
1753,1,0,0.00,NULL,1.00,15.00,4.00,2,38,7,2,2,1099.00,0,4,719,0
1754,3,0,0.00,NULL,0.33,3.33,4.00,1,195,4,9,32,1398.33,0,3,720,0
1755,2,0,0.00,NULL,0.50,10.00,4.00,0,43,7,5,15,660.50,0,0,721,0
1756,2,1,666.30,666.30,0.50,12.50,4.50,1,33,4,7,19,669.50,20,5,722,0
1757,2,1,794.94,794.94,0.00,7.50,3.00,0,86,2,4,23,889.00,22,2,723,1
1758,1,0,0.00,NULL,0.00,20.00,4.00,2,15,3,2,14,891.00,0,3,724,0
1759,4,1,922.11,922.11,0.25,11.25,4.00,1,97,7,12,86,610.75,23,4,725,0
1760,2,0,0.00,NULL,0.00,2.50,4.00,1,73,1,8,25,534.00,0,1,726,0
1761,3,0,0.00,NULL,1.00,11.67,4.00,2,52,2,9,27,937.00,0,4,727,0
1762,2,1,4314.87,4314.87,0.50,10.00,4.00,1,224,6,5,14,414.50,36,2,728,0
1763,5,1,5219.03,5219.03,0.20,8.00,3.80,2,206,7,14,37,605.40,32,4,729,0
1764,4,1,1182.76,1182.76,0.50,13.75,4.00,1,216,7,12,53,641.50,43,5,730,0
1765,4,3,6114.20,2038.07,0.25,0.00,3.75,2,67,7,11,53,1160.75,77,5,731,0
1766,4,1,606.83,606.83,0.50,5.00,3.75,2,66,7,15,62,1104.50,5,5,732,0
1767,2,1,537.62,537.62,0.00,7.50,4.00,1,45,4,4,47,248.50,30,4,733,0
1768,1,0,0.00,NULL,0.00,15.00,4.00,1,83,6,2,15,941.00,0,4,734,0
1769,1,0,0.00,NULL,0.00,10.00,4.00,2,36,5,1,16,1664.00,0,1,735,0
1770,2,1,678.33,678.33,0.00,2.50,4.00,0,77,4,6,8,1541.00,49,1,736,0
1772,4,0,0.00,NULL,0.25,5.00,4.00,1,37,7,12,38,1176.00,0,3,737,0
1773,5,4,4761.94,1190.49,0.20,13.00,3.80,2,40,4,12,51,948.00,77,5,738,0
1774,2,0,0.00,NULL,1.00,2.50,4.00,1,19,6,5,9,577.00,0,4,739,0
1775,1,0,0.00,NULL,1.00,15.00,4.00,1,130,3,2,12,1746.00,0,3,740,0
1776,4,0,0.00,NULL,0.75,7.50,4.00,2,94,6,10,59,825.50,0,3,741,0
1777,5,1,150.84,150.84,0.60,10.00,3.40,1,28,4,16,88,1116.80,16,3,742,0
1778,1,1,1006.00,1006.00,0.00,10.00,4.00,2,20,0,2,17,346.00,21,4,743,0
1779,1,0,0.00,NULL,1.00,0.00,4.00,1,87,6,4,9,1449.00,0,2,744,0
1780,4,1,3213.85,3213.85,0.50,15.00,4.00,1,205,6,8,37,1069.25,42,4,745,0
1781,6,1,752.89,752.89,0.50,10.00,3.83,2,73,6,12,118,1047.50,1,4,746,0
1782,1,0,0.00,NULL,1.00,25.00,4.00,1,75,7,2,5,1028.00,0,0,747,0
1783,2,1,958.94,958.94,0.50,15.00,4.50,1,162,2,3,13,1475.00,31,3,748,1
1784,3,0,0.00,NULL,0.67,8.33,4.00,1,216,6,8,37,382.00,0,2,749,0
1785,2,0,0.00,NULL,0.50,7.50,4.00,0,122,2,2,26,965.00,0,2,750,0
1786,2,2,2626.37,1313.19,0.00,15.00,4.50,0,199,5,5,31,244.50,13,2,751,0
1787,3,1,1424.09,1424.09,0.33,8.33,4.00,0,62,4,5,24,171.00,41,5,752,0
1788,3,1,632.04,632.04,0.00,15.00,3.67,2,72,1,7,43,791.33,31,4,753,0
1789,4,1,4764.74,4764.74,0.25,8.75,4.25,1,183,7,10,63,705.00,14,2,754,0
1790,2,0,0.00,NULL,0.50,10.00,4.00,2,39,5,2,23,1529.00,0,5,755,0
1791,1,0,0.00,NULL,1.00,15.00,4.00,1,46,5,4,7,868.00,0,4,756,0
1792,1,0,0.00,NULL,1.00,0.00,4.00,2,19,2,2,22,580.00,0,5,757,0
1793,1,0,0.00,NULL,1.00,0.00,4.00,1,209,6,3,7,567.00,0,0,758,0
1794,2,0,0.00,NULL,0.50,7.50,4.00,1,62,6,3,15,1436.00,0,4,759,0
1795,4,1,527.61,527.61,0.25,7.50,3.75,1,62,7,8,47,445.25,11,4,760,0
1797,4,1,2043.63,2043.63,0.25,18.75,4.00,1,52,6,10,53,638.75,25,5,761,0
1798,3,1,3230.25,3230.25,0.33,15.00,3.67,2,85,7,8,40,799.00,33,5,762,0
1799,6,0,0.00,NULL,0.50,8.33,4.00,2,57,4,11,108,990.83,0,4,763,0
1800,3,1,1153.65,1153.65,0.00,21.67,3.33,1,35,7,9,26,949.67,29,5,764,0
1801,2,1,2547.22,2547.22,0.50,0.00,4.00,1,50,3,4,26,1489.50,21,2,765,1
1802,2,1,1337.24,1337.24,0.50,7.50,3.50,2,60,5,2,11,989.50,8,1,766,0
1803,6,1,2206.11,2206.11,0.67,10.83,4.00,2,68,7,12,97,1016.33,8,4,767,0
1804,3,0,0.00,NULL,0.00,5.00,4.00,1,94,4,6,32,846.00,0,5,768,0
1805,1,0,0.00,NULL,1.00,15.00,4.00,0,137,2,2,21,1564.00,0,0,769,0
1806,1,0,0.00,NULL,0.00,0.00,4.00,0,148,3,3,4,1709.00,0,5,770,1
1807,2,0,0.00,NULL,1.00,7.50,4.00,1,23,5,5,34,1564.00,0,5,771,0
1808,3,1,506.20,506.20,0.00,5.00,4.00,1,74,6,4,49,712.67,43,5,772,0
1809,1,0,0.00,NULL,0.00,0.00,4.00,1,30,5,1,10,182.00,0,1,773,0
1810,4,0,0.00,NULL,0.25,3.75,4.00,1,56,5,10,58,1066.75,0,5,774,0
1811,4,2,2675.01,1337.51,0.00,10.00,4.25,1,24,7,9,80,1086.75,82,4,775,0
1812,3,1,1980.48,1980.48,0.33,0.00,4.00,1,31,7,8,61,965.33,19,4,776,0
1813,5,0,0.00,NULL,0.60,5.00,4.00,2,215,7,15,67,650.00,0,5,777,0
1814,5,2,2276.38,1138.19,0.40,10.00,4.00,1,67,7,10,76,1218.80,54,5,778,0
1815,4,1,1156.80,1156.80,0.25,6.25,4.00,1,85,5,15,71,895.00,27,5,779,0
1816,2,0,0.00,NULL,0.50,15.00,4.00,1,41,6,3,23,1089.00,0,3,780,1
1817,1,0,0.00,NULL,0.00,0.00,4.00,0,110,6,2,15,62.00,0,0,781,0
1818,2,0,0.00,NULL,1.00,15.00,4.00,1,74,4,4,32,481.50,0,4,782,1
1819,2,1,3192.12,3192.12,0.50,10.00,4.00,1,63,4,8,20,1061.00,18,3,783,0
1820,3,0,0.00,NULL,0.67,6.67,4.00,1,169,5,8,41,1126.33,0,3,784,0
1823,5,2,2421.66,1210.83,0.60,11.00,4.00,2,93,6,13,64,1106.40,59,4,785,1
1824,1,0,0.00,NULL,0.00,0.00,4.00,0,146,4,4,5,1677.00,0,5,786,0
1825,4,2,2864.42,1432.21,0.25,7.50,3.75,2,85,6,6,63,1248.25,80,4,787,0
1826,4,0,0.00,NULL,0.50,12.50,4.00,1,42,7,11,72,1386.50,0,5,788,0
1827,1,0,0.00,NULL,1.00,0.00,4.00,0,4,0,4,7,1088.00,0,0,789,1
1829,2,1,1398.40,1398.40,0.50,25.00,4.50,1,21,4,5,24,517.50,4,4,790,0
1830,2,2,1788.89,894.45,0.00,5.00,5.00,1,29,6,4,12,436.50,41,5,791,0
1831,1,0,0.00,NULL,0.00,0.00,4.00,0,151,6,2,17,80.00,0,0,792,0
1832,6,1,1846.82,1846.82,0.17,15.00,4.00,1,27,7,15,40,1017.83,24,3,793,0
1833,2,0,0.00,NULL,0.50,5.00,4.00,2,78,6,5,21,840.00,0,5,794,0
1834,5,2,1904.63,952.32,0.40,11.00,4.00,1,65,6,13,40,955.80,52,4,795,0
1835,2,1,177.68,177.68,0.50,7.50,4.00,1,69,4,5,24,1116.50,6,5,796,0
1836,1,0,0.00,NULL,1.00,10.00,4.00,1,203,2,1,12,434.00,0,1,797,0
1837,2,1,343.86,343.86,0.50,12.50,4.00,0,194,6,2,27,1031.00,38,1,798,0
1838,3,0,0.00,NULL,0.67,11.67,4.00,1,23,7,4,29,1474.67,0,5,799,0
1839,3,1,756.53,756.53,0.33,5.00,4.00,1,91,5,6,28,1037.33,35,5,800,0
1840,3,2,6283.03,3141.52,0.33,5.00,3.00,1,78,6,8,19,962.33,10,3,801,0
1841,3,1,689.02,689.02,0.67,13.33,4.33,0,26,5,4,45,691.00,11,5,802,0
1842,4,2,2288.83,1144.42,0.25,12.50,4.25,1,83,7,6,23,1070.25,71,4,803,0
1843,2,0,0.00,NULL,1.00,0.00,4.00,1,185,6,4,19,459.00,0,4,804,0
1844,2,0,0.00,NULL,1.00,5.00,4.00,2,7,3,8,30,649.00,0,5,805,0
1845,2,0,0.00,NULL,0.00,15.00,4.00,1,59,5,6,27,726.50,0,4,806,0
1846,4,1,2908.10,2908.10,0.25,10.00,4.25,1,184,7,14,35,1114.75,26,4,807,0
1847,3,0,0.00,NULL,0.67,10.00,4.00,1,83,7,7,33,826.33,0,3,808,0
1848,2,0,0.00,NULL,1.00,2.50,4.00,0,89,5,8,21,385.00,0,3,809,0
1849,2,0,0.00,NULL,1.00,10.00,4.00,1,188,5,5,34,170.50,0,4,810,0
1850,2,0,0.00,NULL,0.50,5.00,4.00,1,48,6,5,19,1021.50,0,3,811,1
1851,3,1,5448.20,5448.20,0.33,0.00,4.33,2,183,6,7,38,249.33,16,3,812,0
1852,3,0,0.00,NULL,0.33,18.33,4.00,1,80,5,6,35,624.00,0,3,813,1
1853,5,2,3799.82,1899.91,0.20,8.00,3.80,1,54,6,16,62,570.20,41,5,814,0
1854,2,2,4694.13,2347.07,0.00,0.00,4.50,1,218,5,6,42,905.00,39,5,815,0
1855,6,0,0.00,NULL,0.33,11.67,4.00,2,83,7,14,58,833.50,0,5,816,1
1856,4,1,1251.12,1251.12,0.50,5.00,4.25,1,92,6,8,63,593.00,9,4,817,0
1857,5,0,0.00,NULL,0.40,11.00,4.00,2,95,5,18,61,1032.60,0,3,818,0
1858,2,0,0.00,NULL,0.50,25.00,4.00,1,55,7,7,40,1166.50,0,5,819,0
1859,4,0,0.00,NULL,0.50,7.50,4.00,2,62,6,9,59,841.50,0,4,820,1
1860,1,0,0.00,NULL,1.00,0.00,4.00,0,38,4,3,13,305.00,0,3,821,0
1861,5,2,6969.44,3484.72,0.20,6.00,4.00,1,22,6,15,85,1418.60,41,5,822,0
1862,4,1,787.95,787.95,0.25,7.50,4.00,1,86,7,13,46,855.00,31,5,823,0
1863,3,0,0.00,NULL,0.33,3.33,4.00,1,189,6,5,34,744.33,0,5,824,0
1864,2,0,0.00,NULL,0.50,12.50,4.00,1,181,4,6,30,1329.00,0,4,825,0
1865,1,1,934.29,934.29,0.00,20.00,5.00,1,119,5,2,2,975.00,29,0,826,0
1867,3,1,1414.74,1414.74,0.67,15.00,3.67,1,79,7,5,53,611.00,44,4,827,0
1868,4,1,550.28,550.28,0.25,13.75,4.25,1,71,7,7,67,1300.00,4,4,828,0
1869,2,0,0.00,NULL,1.00,7.50,4.00,1,173,5,6,26,1022.50,0,0,829,0
1870,2,0,0.00,NULL,0.50,5.00,4.00,1,89,4,5,23,719.00,0,3,830,0
1871,2,0,0.00,NULL,1.00,2.50,4.00,1,94,4,3,28,1441.50,0,4,831,0
1872,5,0,0.00,NULL,0.40,10.00,4.00,1,99,7,10,103,978.40,0,4,832,0
1873,2,1,4479.51,4479.51,0.00,0.00,4.50,1,77,3,6,41,703.00,2,4,833,0
1874,3,1,742.85,742.85,0.33,20.00,4.00,2,98,7,6,33,1279.00,31,4,834,0
1875,1,0,0.00,NULL,1.00,20.00,4.00,1,11,1,4,24,776.00,0,4,835,0
1876,1,0,0.00,NULL,1.00,0.00,4.00,0,134,2,3,5,1091.00,0,4,836,0
1877,2,0,0.00,NULL,0.50,7.50,4.00,0,63,3,5,25,1148.00,0,2,837,0
1879,2,0,0.00,NULL,0.50,15.00,4.00,1,216,2,5,24,1433.50,0,3,838,0
1880,3,1,7776.56,7776.56,0.33,8.33,4.33,1,98,6,9,28,845.00,4,2,839,0
1881,3,1,2444.00,2444.00,0.67,23.33,4.00,1,47,5,8,34,857.33,6,5,840,0
1882,1,0,0.00,NULL,1.00,0.00,4.00,1,19,5,2,24,1632.00,0,5,841,1
1884,6,0,0.00,NULL,0.67,16.67,4.00,1,48,7,13,58,1031.33,0,3,842,0
1885,3,1,773.51,773.51,0.67,15.00,4.00,1,184,2,10,53,481.33,46,4,843,0
1886,1,1,3758.12,3758.12,0.00,0.00,5.00,2,136,2,2,15,1524.00,4,2,844,0
1887,2,0,0.00,NULL,0.50,17.50,4.00,0,70,7,7,21,975.00,0,3,845,0
1888,2,0,0.00,NULL,0.00,2.50,4.00,0,185,7,5,13,1045.00,0,5,846,0
1889,2,1,3985.24,3985.24,0.50,0.00,4.00,1,26,3,8,29,1251.00,33,0,847,0
1890,5,1,1673.45,1673.45,0.40,17.00,4.00,1,97,7,16,46,951.40,19,5,848,0
1891,5,0,0.00,NULL,0.40,3.00,4.00,1,81,6,12,80,735.00,0,4,849,0
1892,1,0,0.00,NULL,1.00,5.00,4.00,0,14,3,1,21,1431.00,0,5,850,0
1893,1,0,0.00,NULL,1.00,5.00,4.00,1,79,7,2,22,408.00,0,5,851,0
1894,1,1,3616.48,3616.48,0.00,15.00,5.00,1,135,7,4,21,1530.00,5,4,852,1
1895,1,0,0.00,NULL,1.00,0.00,4.00,1,111,3,4,14,1758.00,0,5,853,0
1897,1,0,0.00,NULL,1.00,25.00,4.00,0,193,3,3,16,1682.00,0,1,854,0
1898,3,0,0.00,NULL,0.33,8.33,4.00,1,97,6,10,20,951.67,0,5,855,1
1899,4,1,3473.20,3473.20,0.25,10.00,4.00,2,224,7,16,47,929.50,2,3,856,0
1900,4,0,0.00,NULL,0.25,15.00,4.00,1,61,7,11,54,1045.00,0,5,857,0
1901,3,0,0.00,NULL,0.33,13.33,4.00,1,221,4,8,43,961.00,0,2,858,0
1902,2,0,0.00,NULL,0.50,12.50,4.00,0,35,7,4,27,756.50,0,2,859,0
1903,3,1,611.98,611.98,0.33,10.00,4.33,0,186,7,6,32,1093.00,42,3,860,0
1904,2,0,0.00,NULL,0.50,17.50,4.00,1,39,6,4,25,948.00,0,0,861,0
1905,1,0,0.00,NULL,0.00,25.00,4.00,1,219,6,2,23,561.00,0,3,862,0
1906,3,0,0.00,NULL,0.33,15.00,4.00,1,99,7,10,24,521.33,0,4,863,0
1907,1,0,0.00,NULL,0.00,0.00,4.00,1,113,1,1,22,1223.00,0,0,864,0
1908,3,1,619.54,619.54,0.33,10.00,4.33,2,35,5,7,36,1252.00,28,4,865,0
1909,3,0,0.00,NULL,0.67,5.00,4.00,1,75,4,10,15,1033.33,0,4,866,0
1910,6,0,0.00,NULL,0.67,10.83,4.00,1,98,7,14,49,997.67,0,5,867,0
1912,3,0,0.00,NULL,0.33,3.33,4.00,1,81,7,8,34,762.00,0,5,868,0
1913,1,0,0.00,NULL,1.00,5.00,4.00,0,136,6,3,5,34.00,0,3,869,0
1914,4,1,337.89,337.89,0.25,10.00,3.75,1,90,7,7,45,1309.50,10,4,870,0
1915,6,1,1722.87,1722.87,0.17,4.17,3.67,1,68,6,12,81,1149.33,19,5,871,0
1916,5,1,211.63,211.63,0.60,3.00,4.00,1,87,5,8,75,1324.60,45,4,872,0
1917,2,0,0.00,NULL,0.00,10.00,4.00,1,52,3,6,8,1320.50,0,3,873,1
1918,2,0,0.00,NULL,0.00,17.50,4.00,0,68,7,2,13,1050.50,0,4,874,0
1919,1,0,0.00,NULL,1.00,15.00,4.00,1,173,0,2,4,680.00,0,0,875,0
1920,3,0,0.00,NULL,0.33,0.00,4.00,2,224,7,7,54,1103.00,0,4,876,0
1921,5,0,0.00,NULL,0.80,10.00,4.00,2,81,6,13,75,1063.60,0,4,877,0
1922,2,1,742.32,742.32,0.50,7.50,4.50,1,221,4,4,19,1264.00,37,3,878,0
1923,3,1,2511.84,2511.84,0.67,6.67,4.33,1,223,5,10,38,800.33,7,5,879,0
1924,2,0,0.00,NULL,0.50,0.00,4.00,1,38,2,7,29,895.00,0,4,880,0
1925,2,0,0.00,NULL,0.00,15.00,4.00,1,44,5,5,37,651.50,0,4,881,0
1926,8,3,3901.23,1300.41,0.25,10.63,3.88,1,50,7,22,94,928.75,92,5,882,0
1927,4,1,944.91,944.91,0.25,8.75,4.25,1,179,5,8,38,757.25,17,5,883,0
1928,2,0,0.00,NULL,0.50,0.00,4.00,1,75,5,5,46,275.50,0,1,884,0
1929,3,2,2165.57,1082.79,0.33,0.00,4.67,1,193,5,5,49,1151.33,80,4,885,0
1930,4,2,1232.25,616.13,0.25,17.50,4.00,1,53,4,10,56,929.00,41,5,886,0
1931,2,0,0.00,NULL,0.00,20.00,4.00,1,211,2,6,28,1005.00,0,5,887,0
1933,1,0,0.00,NULL,0.00,20.00,4.00,1,42,7,2,2,1701.00,0,2,888,0
1934,4,2,3780.33,1890.17,0.25,7.50,4.25,1,52,3,11,51,1109.00,40,4,889,0
1935,4,0,0.00,NULL,0.50,3.75,4.00,2,96,6,10,43,1332.75,0,5,890,0
1936,4,1,1525.02,1525.02,0.00,11.25,3.75,1,76,7,14,44,921.25,44,5,891,0
1937,3,1,450.44,450.44,0.33,6.67,3.00,1,200,4,6,40,1092.33,22,5,892,0
1938,4,0,0.00,NULL,0.50,13.75,4.00,2,80,5,9,61,1060.50,0,5,893,0
1940,2,0,0.00,NULL,0.00,5.00,4.00,0,71,6,6,21,1141.50,0,5,894,0
1941,6,3,4066.58,1355.53,0.33,16.67,4.00,2,82,7,16,68,1064.33,99,5,895,0
1942,1,0,0.00,NULL,1.00,10.00,4.00,0,125,3,3,23,1426.00,0,4,896,0
1943,5,2,5817.66,2908.83,0.20,6.00,4.00,2,94,7,15,77,635.60,83,5,897,0
1944,1,0,0.00,NULL,0.00,0.00,4.00,2,20,2,3,20,807.00,0,2,898,0
1945,2,1,740.14,740.14,0.50,7.50,4.50,1,5,3,3,4,1144.50,26,2,899,0
1946,4,1,442.42,442.42,0.25,6.25,3.75,1,33,7,11,37,1087.75,30,5,900,0
1947,4,1,2008.35,2008.35,0.00,20.00,4.25,1,46,7,13,60,979.50,35,5,901,0
1948,2,1,3147.14,3147.14,0.50,2.50,4.50,1,79,7,7,32,51.50,29,4,902,0
1949,4,0,0.00,NULL,0.75,12.50,4.00,2,75,6,5,56,679.50,0,4,903,0
1950,5,1,3595.68,3595.68,0.20,18.00,4.00,1,25,6,13,63,800.80,30,5,904,0
1951,4,4,5702.03,1425.51,0.00,5.00,4.25,1,95,7,11,47,530.25,116,3,905,0
1952,5,0,0.00,NULL,0.80,12.00,4.00,2,214,7,14,54,1274.20,0,3,906,0
1953,4,2,4341.24,2170.62,0.50,10.00,4.25,1,91,7,10,57,935.50,94,5,907,0
1954,1,0,0.00,NULL,1.00,0.00,4.00,0,2,7,1,7,335.00,0,5,908,0
1955,2,1,2123.25,2123.25,0.50,20.00,2.50,0,157,7,6,30,751.00,3,5,909,0
1956,3,1,1135.60,1135.60,0.67,8.33,4.00,1,57,7,10,18,867.00,34,5,910,0
1957,3,2,2259.73,1129.87,0.33,10.00,4.33,1,212,7,5,21,801.33,12,2,911,0
1958,3,2,3011.63,1505.82,0.33,6.67,4.33,1,73,3,4,46,954.33,54,5,912,0
1959,3,1,825.00,825.00,0.33,10.00,4.33,1,99,5,9,15,993.33,45,5,913,0
1960,5,2,7002.41,3501.21,0.40,1.00,3.40,1,33,7,12,88,615.40,53,5,914,0
1961,2,0,0.00,NULL,0.00,20.00,4.00,1,5,2,7,20,929.00,0,3,915,0
1962,1,0,0.00,NULL,0.00,20.00,4.00,0,73,4,2,8,1083.00,0,4,916,0
1963,3,1,1399.00,1399.00,0.33,0.00,3.33,1,58,7,10,40,376.00,11,1,917,1
1964,2,0,0.00,NULL,0.00,7.50,4.00,1,210,3,4,14,1213.50,0,5,918,0
1965,7,1,1619.46,1619.46,0.43,15.71,4.14,2,97,6,22,65,1001.14,45,5,919,0
1966,4,1,2704.60,2704.60,0.25,12.50,3.75,1,82,7,13,39,466.75,31,5,920,0
1967,3,0,0.00,NULL,1.00,5.00,4.00,1,92,4,7,58,395.33,0,5,921,0
1968,2,0,0.00,NULL,0.00,17.50,4.00,1,142,6,2,38,1152.00,0,4,922,0
1969,4,1,3084.52,3084.52,0.25,8.75,4.25,2,97,7,10,45,806.75,16,4,923,0
1970,1,0,0.00,NULL,1.00,25.00,4.00,0,134,1,3,13,49.00,0,3,924,0
1971,5,1,1431.76,1431.76,0.40,8.00,4.00,2,94,7,9,33,586.20,39,5,925,0
1972,2,0,0.00,NULL,0.50,0.00,4.00,1,89,5,6,24,973.50,0,3,926,0
1973,5,2,10467.41,5233.71,0.40,5.00,3.60,2,49,5,14,92,1104.40,40,1,927,0
1974,4,2,1278.26,639.13,0.25,8.75,4.00,1,216,7,9,78,1041.50,61,4,928,0
1975,1,0,0.00,NULL,0.00,5.00,4.00,0,193,4,4,8,1466.00,0,3,929,0
1976,1,0,0.00,NULL,1.00,20.00,4.00,0,6,6,4,1,1154.00,0,2,930,0
1977,5,3,6820.77,2273.59,0.00,7.00,3.40,2,54,6,11,58,856.80,58,4,931,0
1978,2,0,0.00,NULL,0.50,10.00,4.00,1,44,7,6,24,904.00,0,3,932,0
1979,2,1,6200.40,6200.40,0.00,0.00,4.50,2,6,5,7,11,1460.00,2,5,933,0
1980,1,0,0.00,NULL,1.00,25.00,4.00,1,172,0,4,8,609.00,0,5,934,1
1981,5,0,0.00,NULL,0.60,11.00,4.00,1,32,7,16,46,1006.60,0,5,935,0
1982,5,1,1212.63,1212.63,0.60,9.00,4.00,2,204,5,9,54,884.00,1,5,936,0
1983,4,0,0.00,NULL,1.00,10.00,4.00,1,46,7,5,36,1319.75,0,4,937,0
1984,1,0,0.00,NULL,0.00,15.00,4.00,0,219,4,2,3,131.00,0,4,938,0
1985,6,1,4485.96,4485.96,0.83,5.83,3.67,1,71,6,21,112,1161.17,27,5,939,0
1986,6,1,723.10,723.10,0.50,11.67,3.83,1,39,6,17,80,521.50,27,5,940,0
1987,2,1,564.16,564.16,0.00,5.00,4.00,1,121,0,5,35,1095.50,13,2,941,0
1988,1,0,0.00,NULL,1.00,15.00,4.00,0,73,0,2,4,536.00,0,4,942,0
1989,1,0,0.00,NULL,0.00,5.00,4.00,1,188,6,1,6,1116.00,0,3,943,0
1990,1,1,4020.52,4020.52,0.00,0.00,3.00,1,100,6,4,13,1454.00,28,1,944,0
1991,3,0,0.00,NULL,0.33,11.67,4.00,2,49,7,7,31,945.67,0,4,945,0
1992,2,0,0.00,NULL,0.50,20.00,4.00,2,84,4,5,25,1044.00,0,4,946,0
1993,4,2,756.09,378.05,0.25,8.75,3.75,1,84,4,8,68,670.25,33,4,947,0
1994,2,1,355.84,355.84,0.50,15.00,3.50,1,48,7,3,20,1674.50,3,4,948,0
1995,3,1,493.96,493.96,0.67,10.00,4.33,1,91,5,5,27,977.33,36,3,949,0
1996,6,1,3338.77,3338.77,0.67,11.67,4.00,2,45,7,14,72,949.00,5,5,950,0
1997,4,1,2431.34,2431.34,0.25,12.50,4.25,1,86,5,10,54,819.75,16,5,951,0
1998,3,0,0.00,NULL,0.33,8.33,4.00,2,98,7,7,59,756.00,0,4,952,1
1999,1,0,0.00,NULL,1.00,10.00,4.00,0,223,5,3,19,1668.00,0,1,953,0
2000,2,0,0.00,NULL,0.50,12.50,4.00,1,70,1,7,25,221.00,0,4,954,0
2001,1,0,0.00,NULL,1.00,0.00,4.00,0,98,1,1,6,1751.00,0,5,955,0
2002,5,2,1472.05,736.03,0.40,12.00,4.00,1,95,7,16,86,892.80,14,5,956,1
2003,4,0,0.00,NULL,1.00,12.50,4.00,2,21,7,12,54,814.00,0,3,957,0
2004,2,1,315.81,315.81,0.50,5.00,3.00,1,94,4,5,24,1025.00,11,2,958,0
2005,2,0,0.00,NULL,0.50,2.50,4.00,1,192,5,5,37,759.50,0,4,959,1
2006,2,0,0.00,NULL,0.00,10.00,4.00,0,7,7,7,14,646.50,0,2,960,1
2007,2,0,0.00,NULL,0.50,5.00,4.00,1,29,6,5,30,814.50,0,3,961,0
2008,5,2,2099.95,1049.98,0.20,6.00,4.20,1,57,7,14,68,866.20,42,4,962,0
2009,4,2,4369.60,2184.80,0.00,7.50,4.00,1,33,6,11,72,935.75,79,5,963,1
2010,2,0,0.00,NULL,0.50,12.50,4.00,1,30,4,4,17,1041.50,0,5,964,0
2011,2,0,0.00,NULL,0.00,2.50,4.00,1,42,7,7,25,778.50,0,3,965,0
2013,3,2,1609.31,804.66,0.00,6.67,3.33,2,50,5,8,42,869.67,52,4,966,1
2014,4,1,232.87,232.87,0.25,13.75,4.00,2,85,5,11,53,803.25,37,3,967,0
2015,2,0,0.00,NULL,1.00,25.00,4.00,1,165,2,7,32,1541.00,0,4,968,0
2016,1,0,0.00,NULL,1.00,20.00,4.00,1,211,5,2,7,566.00,0,0,969,0
2017,3,1,325.76,325.76,0.00,15.00,4.00,2,223,7,4,23,707.67,48,3,970,0
2018,2,0,0.00,NULL,0.00,25.00,4.00,2,104,5,6,25,1178.00,0,4,971,0
2019,2,0,0.00,NULL,0.50,0.00,4.00,1,24,6,6,4,1658.00,0,4,972,1
2020,3,1,3592.26,3592.26,0.67,5.00,4.00,1,221,7,8,53,889.00,34,5,973,1
2021,3,0,0.00,NULL,0.67,13.33,4.00,1,200,5,11,44,926.33,0,4,974,0
2022,2,0,0.00,NULL,1.00,0.00,4.00,1,66,4,8,11,894.50,0,5,975,1
2023,4,0,0.00,NULL,1.00,11.25,4.00,2,61,3,12,75,484.75,0,5,976,0
2025,3,1,407.23,407.23,0.00,0.00,4.33,1,224,4,4,39,1054.67,15,3,977,1
2026,7,2,7683.26,3841.63,0.29,5.00,4.00,1,54,6,20,80,1055.43,67,5,978,0
2027,4,1,1507.90,1507.90,0.50,10.00,4.25,1,22,5,9,46,879.50,45,5,979,0
2028,2,0,0.00,NULL,0.50,0.00,4.00,2,213,3,4,30,1679.50,0,5,980,0
2029,6,1,970.40,970.40,0.17,8.33,4.00,2,62,7,15,63,607.17,38,5,981,1
2030,3,1,415.02,415.02,0.00,6.67,3.33,2,219,7,5,22,893.00,33,2,982,0
2031,1,0,0.00,NULL,0.00,0.00,4.00,1,100,5,4,6,592.00,0,2,983,0
2032,1,0,0.00,NULL,1.00,15.00,4.00,1,93,6,4,5,1261.00,0,4,984,0
2033,2,0,0.00,NULL,1.00,10.00,4.00,2,26,1,3,22,924.50,0,2,985,0
2034,1,0,0.00,NULL,1.00,10.00,4.00,2,191,6,3,20,1598.00,0,3,986,0
2035,5,1,2652.92,2652.92,0.40,12.00,4.00,2,46,7,11,80,1044.80,1,3,987,0
2036,2,1,522.43,522.43,0.00,2.50,3.00,2,88,5,3,47,1152.50,32,3,988,0
2037,4,1,3138.17,3138.17,0.25,15.00,4.00,2,9,6,15,83,1287.50,31,5,989,0
2038,1,0,0.00,NULL,0.00,10.00,4.00,2,176,7,4,1,356.00,0,5,990,0
2039,5,2,1490.94,745.47,0.40,16.00,3.80,2,94,5,13,38,1027.80,87,5,991,0
2040,1,0,0.00,NULL,0.00,20.00,4.00,1,99,3,2,11,1402.00,0,4,992,0
2041,3,2,8680.05,4340.03,0.00,5.00,3.00,1,80,6,10,52,1219.33,71,3,993,1
2042,4,0,0.00,NULL,0.50,16.25,4.00,1,66,6,13,53,672.25,0,3,994,0
2043,2,0,0.00,NULL,0.00,5.00,4.00,1,89,2,7,26,987.50,0,3,995,1
2044,2,1,843.44,843.44,0.00,7.50,4.00,0,87,5,5,24,195.50,23,5,996,0
2045,1,0,0.00,NULL,1.00,0.00,4.00,0,52,4,2,15,1473.00,0,1,997,1
2046,2,1,898.84,898.84,0.50,5.00,4.00,2,171,7,2,25,1281.00,40,3,998,0
2047,1,0,0.00,NULL,1.00,30.00,4.00,2,212,0,1,4,52.00,0,3,999,0
2048,4,1,1290.46,1290.46,0.25,7.50,3.75,1,88,7,12,38,742.00,44,4,1000,0
