customer_id,total_sessions,total_orders,total_spend,average_order_value,cart_abandonment_rate,average_discount_used,customer_satisfaction,preferred_device,city,preferred_category,total_products_purchased,total_pages_viewed,average_time_on_site,total_review_votes,preferred_payment_method
1803,6,1,2206.11,2206.11,0.67,10.83,4.00,2,68,7,12,97,1016.33,8,4
7964,3,2,1906.05,953.03,0.00,6.67,4.33,2,85,7,8,44,1066.67,52,3
5737,4,1,1497.16,1497.16,0.25,6.25,3.25,1,84,6,9,56,1111.00,26,5
8493,3,0,0.00,NULL,1.00,6.67,4.00,1,25,5,5,43,1110.00,0,5
8273,4,0,0.00,NULL,0.50,8.75,4.00,1,91,6,10,45,676.00,0,3
4047,5,0,0.00,NULL,0.60,13.00,4.00,2,89,7,15,65,733.80,0,5
2963,2,0,0.00,NULL,1.00,0.00,4.00,0,215,5,8,3,848.00,0,5
5682,5,1,1529.45,1529.45,0.40,10.00,4.00,1,48,4,11,72,716.80,38,5
6965,5,0,0.00,NULL,0.20,5.00,4.00,1,61,5,10,87,956.00,0,4
3352,6,1,3358.76,3358.76,0.50,5.83,3.83,1,76,7,9,90,1015.83,34,5
7900,5,1,3077.31,3077.31,0.60,11.00,4.20,1,57,6,8,24,739.20,0,4
6749,2,0,0.00,NULL,1.00,10.00,4.00,2,221,7,5,34,932.00,0,2
2499,3,0,0.00,NULL,0.67,13.33,4.00,1,224,4,8,23,421.00,0,3
9446,3,1,3802.13,3802.13,0.00,1.67,3.00,1,201,6,8,26,1693.67,1,5
1394,3,0,0.00,NULL,0.67,11.67,4.00,2,9,6,8,35,821.33,0,3
7629,5,2,3148.19,1574.10,0.20,11.00,4.20,2,9,7,11,47,855.40,25,5
6882,2,0,0.00,NULL,0.50,5.00,4.00,0,197,4,2,29,303.50,0,3
4955,2,0,0.00,NULL,0.50,15.00,4.00,1,84,7,6,21,1153.50,0,4
6883,3,1,923.33,923.33,0.67,18.33,4.00,0,75,6,9,18,1032.00,26,5
7965,3,0,0.00,NULL,0.00,3.33,4.00,2,98,7,8,37,1139.33,0,3
7184,3,0,0.00,NULL,0.67,11.67,4.00,1,35,5,7,44,1300.33,0,5
6856,5,1,764.32,764.32,0.40,15.00,4.20,2,9,7,17,64,777.20,5,5
8567,4,1,852.80,852.80,0.25,10.00,3.25,1,80,5,13,64,1377.25,3,4
7316,4,0,0.00,NULL,0.50,10.00,4.00,1,93,7,12,87,369.00,0,3
8322,3,0,0.00,NULL,0.00,15.00,4.00,1,208,5,8,52,870.67,0,4
4625,8,3,5667.76,1889.25,0.25,5.63,3.63,2,62,6,19,65,1386.00,41,4
6024,3,1,1407.37,1407.37,0.33,11.67,4.33,1,94,4,7,21,865.67,2,5
2825,4,0,0.00,NULL,0.50,2.50,4.00,1,74,7,15,25,998.00,0,5
3114,3,0,0.00,NULL,0.67,11.67,4.00,1,40,4,8,34,880.67,0,4
6508,7,0,0.00,NULL,0.57,11.43,4.00,2,69,6,17,119,1143.57,0,5
5785,4,1,865.06,865.06,0.50,3.75,4.25,2,88,4,9,28,835.25,28,5
1694,4,1,3849.17,3849.17,0.00,7.50,4.00,1,91,7,8,36,546.00,18,4
2839,5,0,0.00,NULL,0.40,15.00,4.00,1,7,5,12,90,1044.00,0,5
9706,5,1,881.33,881.33,0.40,15.00,4.20,2,99,5,16,63,1037.60,34,4
7535,3,0,0.00,NULL,1.00,15.00,4.00,2,71,7,8,27,894.33,0,3
7794,4,0,0.00,NULL,0.25,13.75,4.00,1,223,7,8,51,1063.75,0,5
2772,7,1,2171.84,2171.84,0.57,14.29,4.14,1,9,7,14,108,882.14,5,5
8976,3,0,0.00,NULL,0.33,0.00,4.00,1,152,7,4,30,1089.33,0,5
1577,4,1,1887.37,1887.37,0.50,1.25,4.00,1,33,7,10,63,989.75,43,4
3621,4,2,6670.00,3335.00,0.00,8.75,3.75,1,71,6,11,74,927.75,56,5
8711,3,2,3403.38,1701.69,0.33,0.00,3.00,1,185,7,10,23,837.67,44,3
5558,5,1,330.65,330.65,0.60,10.00,3.80,2,90,5,9,59,734.00,26,5
8060,2,0,0.00,NULL,0.50,12.50,4.00,2,20,7,5,34,771.50,0,3
5379,5,1,1235.02,1235.02,0.40,8.00,3.80,2,72,7,12,73,620.60,0,4
5411,2,0,0.00,NULL,0.50,5.00,4.00,0,187,6,5,34,625.00,0,3
6407,5,1,846.92,846.92,0.20,13.00,4.00,1,81,7,10,70,1276.60,49,5
9629,6,3,5906.11,1968.70,0.33,5.00,3.83,0,92,7,16,82,1155.17,56,5
4936,4,0,0.00,NULL,0.75,3.75,4.00,2,87,6,10,65,998.00,0,3
2154,5,1,304.51,304.51,0.60,11.00,3.80,1,67,6,12,80,616.00,48,3
6361,4,1,210.37,210.37,0.50,13.75,4.00,1,82,4,7,75,1139.50,18,5
9274,3,2,7532.62,3766.31,0.33,10.00,3.67,1,5,5,8,24,703.67,33,5
4350,1,1,3135.84,3135.84,0.00,20.00,3.00,2,175,6,2,13,1698.00,27,1
8558,5,1,1949.77,1949.77,0.00,16.00,4.00,1,68,5,12,40,816.20,14,5
5814,1,0,0.00,NULL,1.00,15.00,4.00,1,125,7,1,21,374.00,0,0
8911,3,2,3858.29,1929.15,0.33,8.33,4.00,2,36,6,6,24,636.33,75,5
5209,3,0,0.00,NULL,0.67,5.00,4.00,1,96,7,5,10,956.67,0,5
6665,3,0,0.00,NULL,1.00,0.00,4.00,1,144,5,8,45,1179.00,0,4
3909,2,1,3640.35,3640.35,0.50,2.50,3.50,2,97,6,6,28,462.50,12,3
6714,4,2,1267.45,633.73,0.25,5.00,4.25,2,71,5,7,39,632.00,64,5
9288,2,0,0.00,NULL,0.00,5.00,4.00,0,92,3,5,8,1345.00,0,4
3935,6,1,6430.12,6430.12,0.33,2.50,4.17,1,78,7,14,102,808.67,41,5
6482,3,1,357.37,357.37,0.33,3.33,4.33,0,5,3,5,50,1026.33,9,3
8098,3,0,0.00,NULL,0.67,0.00,4.00,2,93,6,8,48,813.00,0,5
4913,2,0,0.00,NULL,1.00,0.00,4.00,1,207,6,4,21,1275.50,0,3
4862,4,1,488.26,488.26,0.50,5.00,4.00,1,99,6,7,56,1072.75,42,4
3898,3,0,0.00,NULL,0.33,8.33,4.00,1,213,3,7,28,1342.67,0,4
7573,4,0,0.00,NULL,0.50,6.25,4.00,1,84,2,8,34,832.25,0,5
6327,5,1,880.27,880.27,0.00,12.00,3.80,1,59,6,13,64,727.00,37,5
5647,5,0,0.00,NULL,0.40,17.00,4.00,1,99,6,12,63,1197.80,0,4
1229,5,1,651.56,651.56,0.60,3.00,4.00,0,18,7,14,83,951.40,21,5
8651,8,2,6519.06,3259.53,0.50,12.50,3.88,2,96,6,19,108,587.13,50,5
1990,1,1,4020.52,4020.52,0.00,0.00,3.00,1,100,6,4,13,1454.00,28,1
1067,4,1,2032.07,2032.07,0.75,8.75,4.25,1,60,5,13,44,889.25,33,4
8663,2,0,0.00,NULL,0.00,10.00,4.00,2,86,6,4,37,1298.50,0,5
1611,5,0,0.00,NULL,0.60,12.00,4.00,1,87,7,13,54,419.40,0,5
1417,5,0,0.00,NULL,0.40,8.00,4.00,2,86,7,10,74,672.20,0,5
8032,7,2,5992.95,2996.48,0.14,10.71,3.43,2,8,7,14,73,921.57,61,5
5722,4,1,1102.16,1102.16,0.75,11.25,3.50,1,92,7,6,39,803.50,9,2
3780,2,0,0.00,NULL,0.50,5.00,4.00,0,151,4,5,12,1310.00,0,3
6534,3,1,1506.05,1506.05,0.33,15.00,4.33,1,216,7,3,43,751.00,38,3
5532,3,1,3069.25,3069.25,0.33,20.00,4.33,1,217,2,8,41,811.00,34,4
3127,4,0,0.00,NULL,0.50,13.75,4.00,1,90,7,15,47,1222.25,0,3
2783,8,4,6986.24,1746.56,0.25,7.50,4.13,2,99,7,21,120,899.63,132,5
4306,2,0,0.00,NULL,0.50,25.00,4.00,1,85,5,8,38,1028.50,0,1
9060,2,2,7606.76,3803.38,0.00,20.00,4.00,1,95,6,7,30,496.00,88,5
7903,2,0,0.00,NULL,0.50,25.00,4.00,1,86,7,5,36,314.50,0,3
2710,7,2,1335.57,667.79,0.57,7.14,4.00,1,57,6,18,82,1270.86,9,4
6054,2,1,454.09,454.09,0.50,17.50,4.00,1,97,4,4,39,1116.00,16,5
8959,4,0,0.00,NULL,0.25,12.50,4.00,1,74,7,8,31,845.75,0,5
9563,3,0,0.00,NULL,0.67,1.67,4.00,2,68,7,8,58,658.67,0,4
7866,7,0,0.00,NULL,0.71,12.86,4.00,1,69,6,15,61,1087.43,0,5
7599,4,1,615.53,615.53,0.25,11.25,4.25,1,6,4,7,62,785.00,35,5
2159,6,0,0.00,NULL,1.00,7.50,4.00,2,8,7,18,91,1201.33,0,4
3166,4,1,165.26,165.26,0.50,8.75,4.25,1,64,6,12,56,441.50,7,5
2967,3,1,821.97,821.97,0.33,13.33,4.00,1,96,4,8,19,467.00,42,4
2356,2,0,0.00,NULL,0.50,22.50,4.00,1,160,7,5,32,1116.50,0,5
2577,3,1,1496.55,1496.55,0.33,0.00,3.33,2,66,6,4,16,760.67,40,5
3845,5,2,2819.12,1409.56,0.40,7.00,4.00,2,93,7,15,49,522.20,20,5
5999,9,3,4053.81,1351.27,0.44,8.33,4.11,1,53,7,26,107,425.78,18,5
4581,2,1,3190.78,3190.78,0.50,0.00,4.00,1,31,3,3,18,793.00,47,3
4786,6,3,5536.85,1845.62,0.00,13.33,3.33,2,85,3,16,62,1034.33,45,5
3211,3,1,5794.96,5794.96,0.67,1.67,4.33,1,211,6,9,24,1211.00,32,3
5681,5,1,3379.94,3379.94,0.40,13.00,4.20,2,87,5,17,76,910.60,1,5
2359,5,3,10788.55,3596.18,0.00,8.00,3.80,2,76,7,15,87,1344.60,49,5
9989,2,0,0.00,NULL,1.00,0.00,4.00,1,24,6,6,23,947.00,0,4
6390,1,0,0.00,NULL,0.00,5.00,4.00,0,49,0,1,3,889.00,0,1
3066,2,0,0.00,NULL,0.50,7.50,4.00,2,7,4,6,26,1094.00,0,4
8289,5,2,2183.03,1091.52,0.20,9.00,3.60,1,93,7,17,88,1124.80,73,4
8474,2,0,0.00,NULL,0.50,15.00,4.00,1,83,4,3,27,1310.00,0,4
9700,3,0,0.00,NULL,0.33,16.67,4.00,1,210,7,8,42,803.00,0,5
2431,4,2,2341.28,1170.64,0.00,5.00,4.00,1,47,7,11,47,958.50,50,5
6759,3,0,0.00,NULL,0.67,6.67,4.00,1,44,5,6,19,570.00,0,5
9821,4,1,1170.02,1170.02,0.25,12.50,4.25,1,58,7,11,65,1209.75,43,5
2798,8,2,4643.15,2321.58,0.50,16.25,4.13,1,91,7,21,95,712.38,58,4
3418,3,1,638.00,638.00,0.33,21.67,4.33,1,85,7,7,37,357.00,29,5
8259,2,0,0.00,NULL,0.00,2.50,4.00,1,95,7,3,33,975.00,0,2
3029,3,1,3623.36,3623.36,0.67,5.00,4.00,1,172,4,8,53,584.67,9,4
9036,3,0,0.00,NULL,0.33,15.00,4.00,2,96,2,7,51,715.00,0,3
4794,3,0,0.00,NULL,1.00,0.00,4.00,1,49,3,9,36,1041.00,0,5
5399,4,1,3984.39,3984.39,0.00,6.25,3.25,1,85,3,13,35,1248.75,44,4
6026,3,1,776.79,776.79,0.00,0.00,4.00,1,58,7,5,38,501.00,39,2
7941,3,0,0.00,NULL,0.33,13.33,4.00,1,27,4,7,38,950.67,0,5
2082,3,2,6424.95,3212.48,0.00,8.33,3.33,1,218,5,10,49,544.33,40,3
5852,9,3,8973.34,2991.11,0.33,8.89,3.78,1,80,6,22,110,884.89,66,5
8350,3,0,0.00,NULL,0.00,11.67,4.00,1,208,4,4,51,1040.00,0,4
8198,3,1,473.90,473.90,0.00,13.33,4.33,1,199,7,6,16,852.00,24,4
5935,3,0,0.00,NULL,0.33,5.00,4.00,1,96,5,6,63,1280.00,0,4
3471,2,0,0.00,NULL,1.00,5.00,4.00,1,30,6,8,22,1239.00,0,4
1506,5,4,11867.10,2966.78,0.00,12.00,3.20,2,75,6,17,49,1118.60,76,3
5942,2,2,6460.49,3230.25,0.00,12.50,3.00,1,91,6,6,16,1087.50,52,5
7329,3,0,0.00,NULL,0.67,18.33,4.00,0,81,4,6,39,772.00,0,3
5946,6,1,2888.49,2888.49,0.67,4.17,3.83,2,89,6,18,71,1386.50,40,4
9813,2,0,0.00,NULL,0.50,17.50,4.00,1,75,0,5,23,626.00,0,5
6423,3,0,0.00,NULL,0.33,3.33,4.00,2,64,5,5,44,540.00,0,4
5573,6,2,3589.67,1794.84,0.50,4.17,4.00,1,86,7,11,81,471.33,25,4
1499,5,1,131.96,131.96,0.80,5.00,4.00,2,98,6,12,92,941.40,6,4
3213,7,2,3030.91,1515.46,0.14,5.71,4.00,2,67,6,19,62,1119.71,55,5
2517,2,2,4964.02,2482.01,0.00,7.50,4.00,2,21,7,5,18,1471.00,67,4
7521,2,0,0.00,NULL,0.50,7.50,4.00,1,211,6,7,25,1272.00,0,2
2450,1,0,0.00,NULL,1.00,0.00,4.00,0,104,4,1,21,189.00,0,4
9159,2,0,0.00,NULL,0.50,0.00,4.00,1,202,7,6,31,294.00,0,3
3718,3,2,1744.21,872.11,0.33,15.00,4.33,1,3,6,8,54,892.33,33,3
4905,4,0,0.00,NULL,0.75,7.50,4.00,1,8,7,4,56,864.25,0,4
2304,4,0,0.00,NULL,1.00,7.50,4.00,1,99,7,11,65,499.00,0,4
2896,2,1,3365.40,3365.40,0.00,5.00,3.50,0,65,2,7,25,1402.50,17,0
9296,4,0,0.00,NULL,0.25,5.00,4.00,1,79,7,9,45,644.25,0,4
3829,4,1,564.28,564.28,0.25,12.50,4.00,2,60,5,9,53,667.50,41,5
3552,7,0,0.00,NULL,0.86,9.29,4.00,2,70,7,14,62,741.86,0,5
5616,2,0,0.00,NULL,0.50,10.00,4.00,1,149,4,8,23,187.50,0,5
9831,6,3,2157.76,719.25,0.33,6.67,3.83,2,96,7,16,66,584.17,118,5
6611,8,2,1341.61,670.81,0.38,10.00,4.25,2,9,7,16,98,1118.75,95,5
1374,3,0,0.00,NULL,0.67,15.00,4.00,2,64,3,6,37,278.67,0,5
4217,1,0,0.00,NULL,1.00,0.00,4.00,0,12,6,3,7,119.00,0,3
4481,4,0,0.00,NULL,1.00,6.25,4.00,2,76,7,11,67,941.50,0,4
3485,3,0,0.00,NULL,1.00,16.67,4.00,1,81,3,7,40,426.33,0,4
3170,4,1,1152.64,1152.64,0.25,6.25,4.25,1,97,4,7,49,1238.50,6,4
5528,5,1,1233.59,1233.59,0.20,12.00,4.00,1,90,6,8,47,746.20,4,4
5673,5,1,1062.00,1062.00,0.60,16.00,3.80,1,72,7,9,63,865.80,1,5
4392,6,3,2719.58,906.53,0.50,8.33,4.50,1,68,7,10,34,813.33,45,4
3648,4,0,0.00,NULL,0.75,10.00,4.00,2,91,7,7,37,860.25,0,5
4716,4,2,1149.72,574.86,0.25,3.75,3.25,2,24,6,10,61,1050.25,44,5
4092,5,1,3916.67,3916.67,0.60,7.00,4.20,2,147,6,10,48,809.80,5,5
3058,2,0,0.00,NULL,0.50,7.50,4.00,1,97,5,6,21,848.50,0,4
5074,2,1,105.26,105.26,0.00,5.00,4.00,1,42,4,2,34,1111.00,15,4
9479,4,1,4980.20,4980.20,0.25,5.00,4.00,2,73,5,11,35,997.00,18,4
5551,6,0,0.00,NULL,0.67,14.17,4.00,1,89,7,14,64,753.17,0,5
6377,2,1,1327.66,1327.66,0.00,10.00,2.50,1,96,2,3,35,1039.50,15,5
9857,2,1,2072.57,2072.57,0.50,7.50,4.00,2,84,3,7,22,610.00,22,4
8535,3,1,3574.05,3574.05,0.00,10.00,4.00,1,75,5,10,30,739.00,8,3
6521,5,1,611.07,611.07,0.20,19.00,4.00,2,70,7,10,64,732.00,29,5
3009,3,1,1952.78,1952.78,0.33,11.67,4.00,1,39,7,5,56,563.33,41,4
4585,4,0,0.00,NULL,1.00,7.50,4.00,1,84,4,10,50,317.25,0,5
5391,2,0,0.00,NULL,0.50,0.00,4.00,1,26,5,5,38,661.00,0,4
5272,4,0,0.00,NULL,0.75,13.75,4.00,2,72,5,9,38,1069.75,0,5
2345,4,0,0.00,NULL,0.50,5.00,4.00,1,207,6,11,60,786.50,0,5
1952,5,0,0.00,NULL,0.80,12.00,4.00,2,214,7,14,54,1274.20,0,3
4149,4,0,0.00,NULL,0.50,0.00,4.00,1,92,7,12,58,1155.75,0,5
9227,3,1,179.16,179.16,0.67,8.33,3.67,1,217,7,7,26,1066.33,5,4
7455,4,0,0.00,NULL,0.25,1.25,4.00,2,77,4,12,51,979.50,0,4
4454,4,1,480.07,480.07,0.25,10.00,4.25,2,64,5,6,28,795.75,2,4
8574,4,1,1228.97,1228.97,0.75,13.75,4.00,1,75,5,10,51,724.00,15,5
2569,6,1,217.17,217.17,0.67,13.33,4.00,2,81,6,9,97,1019.50,2,5
4728,4,1,6321.76,6321.76,0.00,7.50,4.00,1,55,7,12,34,761.25,14,5
6231,1,0,0.00,NULL,1.00,10.00,4.00,0,60,0,4,2,119.00,0,1
4908,4,3,1773.84,591.28,0.00,15.00,3.50,1,70,7,4,46,606.25,57,5
4749,7,2,1955.46,977.73,0.57,19.29,3.29,2,8,6,13,93,794.14,30,5
4237,7,1,509.78,509.78,0.29,10.71,3.57,1,87,7,14,85,541.86,16,5
1464,5,2,1238.58,619.29,0.40,4.00,3.80,2,80,4,12,62,1342.60,29,5
8714,5,0,0.00,NULL,0.40,5.00,4.00,2,36,7,12,51,699.60,0,5
9396,2,0,0.00,NULL,0.50,5.00,4.00,1,58,5,4,29,1431.00,0,1
5446,7,3,3457.06,1152.35,0.14,5.71,3.71,1,39,6,13,71,650.43,87,4
1727,5,0,0.00,NULL,0.60,13.00,4.00,2,199,7,10,45,927.20,0,5
4722,4,0,0.00,NULL,0.00,0.00,4.00,1,87,7,11,26,1156.50,0,5
5659,5,1,1153.28,1153.28,0.20,7.00,4.20,2,79,7,13,78,786.20,35,5
8054,4,1,5136.36,5136.36,0.50,6.25,3.50,1,69,7,12,26,914.25,7,5
9879,6,0,0.00,NULL,0.67,11.67,4.00,2,63,7,11,45,797.50,0,5
4746,3,0,0.00,NULL,1.00,6.67,4.00,1,201,6,7,30,1184.67,0,2
7739,2,0,0.00,NULL,0.50,5.00,4.00,1,94,1,7,40,913.50,0,4
9435,3,2,2384.99,1192.50,0.00,5.00,3.67,1,89,7,6,48,678.33,50,4
8471,2,0,0.00,NULL,1.00,5.00,4.00,0,5,4,2,28,736.50,0,5
3613,2,2,5662.04,2831.02,0.00,2.50,4.50,0,92,4,6,19,913.00,52,4
8356,2,1,500.76,500.76,0.00,0.00,4.00,1,142,6,4,33,73.00,5,5
4709,2,1,2622.78,2622.78,0.50,15.00,3.50,2,212,7,6,12,988.00,38,4
1157,1,0,0.00,NULL,0.00,0.00,4.00,1,20,1,3,15,1236.00,0,3
7829,2,0,0.00,NULL,0.50,7.50,4.00,1,181,6,7,17,721.50,0,3
8517,2,0,0.00,NULL,1.00,7.50,4.00,2,73,5,5,44,1185.50,0,4
5057,5,0,0.00,NULL,0.40,8.00,4.00,2,82,7,15,57,648.20,0,4
4278,4,1,1409.90,1409.90,0.50,11.25,3.75,1,83,5,7,57,1029.25,12,5
2053,4,2,1988.96,994.48,0.25,10.00,3.50,2,40,4,11,47,891.00,66,5
9952,7,1,4054.20,4054.20,0.57,10.00,3.57,2,24,6,21,59,1194.43,0,5
2042,4,0,0.00,NULL,0.50,16.25,4.00,1,66,6,13,53,672.25,0,3
1203,6,2,3619.66,1809.83,0.17,9.17,4.00,1,74,7,15,87,512.17,26,2
1134,8,3,7061.16,2353.72,0.25,9.38,4.00,2,64,7,24,93,863.63,41,5
7203,4,0,0.00,NULL,0.50,2.50,4.00,1,45,4,11,44,800.50,0,4
9106,2,0,0.00,NULL,1.00,22.50,4.00,1,87,3,4,30,721.00,0,3
6790,2,1,2973.40,2973.40,0.00,0.00,4.50,1,30,4,6,31,1243.00,9,5
6454,2,1,3599.19,3599.19,0.50,17.50,4.00,1,149,3,5,35,1453.50,1,4
8450,5,1,1441.74,1441.74,0.60,18.00,4.00,2,76,7,12,25,592.60,15,5
9767,4,0,0.00,NULL,1.00,13.75,4.00,2,190,7,11,61,1013.00,0,5
8755,4,1,498.93,498.93,0.75,7.50,4.25,1,71,6,11,37,355.00,34,5
8243,2,0,0.00,NULL,0.50,12.50,4.00,1,163,5,5,24,1380.50,0,4
1503,4,1,4151.74,4151.74,0.75,8.75,3.75,2,74,7,10,51,1148.00,21,5
3082,7,0,0.00,NULL,0.29,6.43,4.00,2,78,6,19,91,622.00,0,5
6068,4,0,0.00,NULL,1.00,3.75,4.00,1,45,7,14,50,1006.50,0,4
8368,4,1,1494.77,1494.77,0.75,5.00,3.25,1,57,6,13,66,1151.75,47,3
3650,3,0,0.00,NULL,1.00,10.00,4.00,1,71,6,5,36,1037.00,0,4
7076,1,0,0.00,NULL,0.00,0.00,4.00,0,180,4,1,7,532.00,0,5
1205,2,0,0.00,NULL,0.50,0.00,4.00,0,43,6,4,47,380.50,0,5
8895,4,0,0.00,NULL,0.00,16.25,4.00,1,199,7,10,55,1219.50,0,4
6529,2,1,1237.77,1237.77,0.50,7.50,2.50,0,59,4,6,38,406.00,30,0
7687,4,1,2343.88,2343.88,0.75,6.25,4.25,1,9,6,7,25,514.75,10,5
8428,3,1,3418.56,3418.56,0.33,8.33,3.00,1,59,7,9,51,1351.67,37,2
1648,2,0,0.00,NULL,0.50,7.50,4.00,1,40,7,4,23,1176.00,0,2
2968,3,0,0.00,NULL,0.33,15.00,4.00,1,199,5,3,54,1149.67,0,4
5054,4,1,335.14,335.14,0.75,7.50,4.25,1,74,7,11,53,984.25,47,5
8726,3,0,0.00,NULL,0.67,10.00,4.00,1,207,7,6,45,679.67,0,4
2482,2,0,0.00,NULL,0.50,12.50,4.00,0,83,6,7,9,1016.50,0,0
8401,1,0,0.00,NULL,0.00,0.00,4.00,0,40,1,3,6,221.00,0,2
3592,6,1,263.01,263.01,0.67,15.83,4.17,1,87,6,12,108,684.17,2,4
6178,3,2,902.99,451.50,0.00,6.67,3.33,2,32,5,6,26,1298.67,46,5
5589,4,0,0.00,NULL,0.50,5.00,4.00,1,46,4,11,29,695.50,0,5
7177,4,2,2852.17,1426.09,0.25,11.25,3.75,2,66,4,10,45,605.00,22,4
8529,2,1,619.92,619.92,0.00,20.00,4.00,1,33,4,6,30,1291.50,45,5
8815,6,1,2769.81,2769.81,0.50,8.33,3.67,2,85,7,20,92,1008.67,49,5
4140,4,1,3213.84,3213.84,0.50,7.50,3.75,1,49,6,13,59,900.50,11,5
2545,6,0,0.00,NULL,0.33,10.83,4.00,2,54,6,13,81,633.50,0,5
4805,6,1,792.16,792.16,0.67,11.67,4.00,2,9,4,19,76,880.50,49,4
7753,1,1,242.85,242.85,0.00,0.00,5.00,0,4,4,3,15,674.00,39,2
7779,4,0,0.00,NULL,0.25,18.75,4.00,2,35,3,11,24,931.50,0,4
4059,3,2,4818.08,2409.04,0.33,3.33,3.67,2,23,6,7,41,417.33,44,2
9423,4,0,0.00,NULL,0.75,8.75,4.00,2,73,7,10,38,1142.75,0,5
1748,3,0,0.00,NULL,0.00,11.67,4.00,2,79,6,8,57,833.67,0,5
2050,2,0,0.00,NULL,1.00,7.50,4.00,1,36,5,6,15,654.00,0,4
8577,4,1,1363.78,1363.78,0.50,3.75,4.00,1,81,7,7,43,1231.25,34,5
1222,6,1,898.63,898.63,0.67,10.83,4.17,2,63,6,14,82,1123.33,49,5
9336,4,4,6680.59,1670.15,0.00,21.25,4.00,2,88,7,11,46,956.00,125,3
2620,4,0,0.00,NULL,0.75,8.75,4.00,2,78,7,6,50,835.50,0,4
6412,3,0,0.00,NULL,1.00,13.33,4.00,1,207,6,7,60,233.00,0,4
8315,4,0,0.00,NULL,0.50,5.00,4.00,2,49,6,11,48,955.50,0,3
7899,2,1,5196.12,5196.12,0.00,2.50,4.00,1,133,6,5,12,303.50,17,5
9538,9,3,2571.34,857.11,0.44,15.56,4.00,1,99,6,24,119,897.89,113,5
1483,2,2,4226.91,2113.46,0.00,10.00,4.00,1,40,7,4,33,886.50,49,0
4663,3,0,0.00,NULL,1.00,5.00,4.00,2,70,6,10,36,1298.67,0,4
5554,3,0,0.00,NULL,0.33,11.67,4.00,1,203,7,8,21,349.33,0,5
8396,4,1,2087.94,2087.94,0.25,15.00,4.00,1,93,5,14,35,1181.00,13,3
7264,3,0,0.00,NULL,0.67,6.67,4.00,2,90,6,7,27,814.67,0,5
6603,6,0,0.00,NULL,0.50,4.17,4.00,2,98,6,16,73,539.50,0,5
6038,3,2,5932.62,2966.31,0.00,3.33,4.33,1,5,1,11,48,704.00,12,3
3761,5,2,2952.99,1476.50,0.40,5.00,4.00,2,5,7,10,47,504.60,76,4
1958,3,2,3011.63,1505.82,0.33,6.67,4.33,1,73,3,4,46,954.33,54,5
4884,6,4,3392.89,848.22,0.17,7.50,3.83,2,92,5,15,73,544.83,105,5
3336,2,1,705.10,705.10,0.00,10.00,4.50,1,24,7,5,40,254.50,23,5
5988,3,0,0.00,NULL,1.00,21.67,4.00,2,76,7,7,25,341.33,0,4
8173,2,0,0.00,NULL,1.00,5.00,4.00,1,60,7,6,25,1088.00,0,0
5972,4,1,1660.75,1660.75,0.25,1.25,4.00,2,79,5,10,53,643.25,8,4
1500,2,0,0.00,NULL,0.50,5.00,4.00,1,205,2,6,37,1562.00,0,5
6246,4,1,480.02,480.02,0.75,5.00,4.00,1,193,7,7,58,666.25,15,5
1376,2,0,0.00,NULL,0.00,12.50,4.00,1,162,3,6,9,694.50,0,2
6801,1,1,575.16,575.16,0.00,15.00,4.00,1,73,0,2,10,1368.00,32,4
4954,4,0,0.00,NULL,0.75,16.25,4.00,1,54,7,9,30,573.25,0,5
2113,5,1,1287.54,1287.54,0.80,9.00,4.20,2,80,7,9,58,793.00,31,5
2924,3,1,907.07,907.07,0.67,6.67,3.67,1,30,7,8,36,1164.33,40,5
8025,3,1,570.85,570.85,0.67,15.00,4.33,2,77,7,8,26,515.00,17,2
9249,5,1,870.14,870.14,0.80,12.00,3.80,1,3,7,12,79,794.20,44,5
5569,4,1,1486.43,1486.43,0.75,5.00,4.25,1,4,7,10,62,634.00,13,5
9788,2,0,0.00,NULL,0.00,15.00,4.00,1,58,1,7,21,415.50,0,3
1698,2,2,4020.00,2010.00,0.00,0.00,3.50,1,91,2,4,41,743.00,28,2
3696,4,0,0.00,NULL,0.75,10.00,4.00,1,44,4,11,54,1228.50,0,5
9369,4,2,6135.46,3067.73,0.25,10.00,4.00,1,33,5,14,49,1110.25,33,2
2576,3,1,1934.76,1934.76,0.33,16.67,4.33,1,85,6,4,62,524.67,18,5
6933,5,0,0.00,NULL,0.80,12.00,4.00,1,45,6,13,68,986.60,0,4
2975,4,0,0.00,NULL,0.50,6.25,4.00,1,169,7,8,53,1128.00,0,5
3980,5,2,5666.77,2833.39,0.40,8.00,3.40,2,88,6,11,65,542.00,68,4
5299,3,1,1387.80,1387.80,0.33,5.00,4.33,1,206,4,5,24,417.67,7,4
4239,5,0,0.00,NULL,0.20,6.00,4.00,1,32,7,15,88,865.80,0,5
8869,2,0,0.00,NULL,0.50,20.00,4.00,0,65,3,6,29,979.00,0,5
3525,5,0,0.00,NULL,0.40,11.00,4.00,1,41,7,10,34,1113.60,0,4
9754,5,1,3407.82,3407.82,0.60,6.00,3.40,1,39,6,11,74,880.80,39,5
5499,3,0,0.00,NULL,0.67,8.33,4.00,1,23,7,8,60,461.67,0,4
5726,2,0,0.00,NULL,0.50,25.00,4.00,1,21,7,8,20,906.50,0,1
1498,4,1,5302.37,5302.37,0.00,8.75,3.75,1,216,4,11,51,452.00,24,5
3107,2,1,1754.48,1754.48,0.50,2.50,3.00,1,145,4,8,29,372.00,12,4
1358,1,0,0.00,NULL,1.00,0.00,4.00,0,166,3,2,1,588.00,0,4
8708,9,3,5309.18,1769.73,0.44,13.89,3.56,1,66,7,25,137,1073.44,68,4
3046,3,1,1960.17,1960.17,0.67,3.33,4.33,1,24,6,7,41,686.00,49,5
4065,3,1,1786.80,1786.80,0.33,10.00,4.33,1,77,7,7,44,685.67,23,4
8584,8,2,2063.11,1031.56,0.63,8.75,4.00,2,9,6,19,109,695.50,7,4
6087,4,2,1206.27,603.14,0.25,10.00,3.75,1,93,7,9,30,698.00,89,4
7418,4,1,1722.82,1722.82,0.00,13.75,4.00,2,89,7,5,58,731.25,32,4
6592,3,1,331.04,331.04,0.33,8.33,3.67,0,91,4,6,55,1150.00,39,3
1346,4,0,0.00,NULL,0.25,15.00,4.00,1,186,7,13,45,857.25,0,3
6066,8,2,3142.15,1571.08,0.63,8.13,3.88,1,63,6,16,96,956.13,28,5
6047,5,1,3983.08,3983.08,0.20,17.00,4.00,1,80,6,10,71,1181.80,46,3
3870,3,1,6415.09,6415.09,0.67,3.33,4.00,2,200,5,7,29,777.67,1,4
7703,3,0,0.00,NULL,0.33,3.33,4.00,1,81,5,6,34,906.00,0,5
9363,4,2,4971.89,2485.95,0.00,16.25,4.00,2,87,4,13,69,966.00,49,5
3331,2,0,0.00,NULL,0.00,7.50,4.00,1,42,6,6,28,1003.50,0,4
4006,6,0,0.00,NULL,0.50,14.17,4.00,1,79,7,13,48,695.00,0,4
3900,5,0,0.00,NULL,0.60,5.00,4.00,2,204,6,14,30,1128.60,0,5
8513,5,0,0.00,NULL,0.40,12.00,4.00,1,81,5,6,29,795.60,0,2
1699,2,1,1136.57,1136.57,0.00,17.50,4.50,2,5,7,5,28,458.00,43,5
9062,4,2,2974.72,1487.36,0.25,5.00,4.00,1,35,6,8,43,1062.00,41,4
7974,4,0,0.00,NULL,0.25,16.25,4.00,2,79,7,10,65,497.50,0,4
5349,4,1,431.06,431.06,0.75,7.50,4.00,2,218,7,12,66,648.50,42,3
6251,3,0,0.00,NULL,0.67,18.33,4.00,1,214,7,8,25,1368.00,0,3
9047,4,0,0.00,NULL,0.75,8.75,4.00,1,50,7,8,42,560.25,0,5
7927,4,3,4852.77,1617.59,0.00,10.00,4.25,2,99,6,12,63,1079.00,74,3
3490,4,0,0.00,NULL,0.50,0.00,4.00,1,71,7,11,59,1003.00,0,4
1066,4,1,3654.18,3654.18,0.50,17.50,4.00,1,77,5,12,23,852.00,34,5
5387,5,0,0.00,NULL,0.40,8.00,4.00,1,93,7,11,58,1551.00,0,4
1453,4,0,0.00,NULL,0.25,6.25,4.00,1,38,6,7,47,1076.00,0,5
6925,3,1,721.67,721.67,0.67,3.33,3.33,1,91,5,6,32,1302.33,42,3
2312,5,1,5409.68,5409.68,0.60,13.00,4.00,2,99,7,16,82,689.40,21,5
1791,1,0,0.00,NULL,1.00,15.00,4.00,1,46,5,4,7,868.00,0,4
9839,4,2,3991.05,1995.53,0.50,7.50,3.50,1,81,6,10,62,1212.50,92,5
5264,5,1,472.87,472.87,0.20,3.00,3.80,1,47,7,11,87,546.80,32,3
2955,3,2,5796.30,2898.15,0.33,10.00,4.00,0,83,5,8,32,454.67,26,4
1915,6,1,1722.87,1722.87,0.17,4.17,3.67,1,68,6,12,81,1149.33,19,5
1564,5,1,1536.96,1536.96,0.20,11.00,4.00,1,60,7,14,68,864.20,40,5
2556,5,1,4668.81,4668.81,0.60,11.00,3.80,1,99,3,13,63,793.40,45,4
4188,2,0,0.00,NULL,0.50,22.50,4.00,1,32,6,2,34,754.00,0,3
1033,5,1,571.06,571.06,0.20,9.00,4.20,1,57,7,13,85,480.20,35,4
4780,4,2,3309.30,1654.65,0.50,3.75,3.50,1,186,5,9,56,828.00,37,2
3922,3,1,1124.12,1124.12,0.00,0.00,4.00,1,219,7,6,14,1152.00,46,2
5740,5,3,7861.70,2620.57,0.40,13.00,4.40,2,78,7,12,77,727.00,12,4
6305,4,0,0.00,NULL,0.75,22.50,4.00,1,96,7,8,72,486.00,0,5
3775,5,2,4084.83,2042.42,0.40,6.00,4.40,1,5,7,8,40,922.20,58,3
5096,2,0,0.00,NULL,1.00,12.50,4.00,1,194,5,6,25,1285.50,0,5
1702,2,2,805.17,402.59,0.00,10.00,5.00,2,41,6,3,12,779.50,31,5
3715,7,2,5040.16,2520.08,0.29,7.86,4.00,2,45,7,20,115,795.14,58,5
7576,3,1,3417.58,3417.58,0.67,15.00,4.00,1,63,5,9,44,914.00,24,5
9802,2,1,957.85,957.85,0.00,10.00,3.00,1,201,5,4,22,1041.50,26,5
9919,3,1,202.41,202.41,0.00,11.67,4.00,2,79,5,4,49,820.33,35,3
5371,1,1,2112.24,2112.24,0.00,0.00,1.00,1,88,7,4,21,1358.00,37,1
9454,5,1,2253.24,2253.24,0.20,11.00,4.00,2,65,7,15,88,897.60,18,5
5511,3,0,0.00,NULL,0.33,5.00,4.00,0,66,7,7,31,780.00,0,5
2130,4,1,1295.70,1295.70,0.50,5.00,4.00,1,91,6,10,69,1115.25,35,4
8810,2,0,0.00,NULL,0.50,22.50,4.00,1,166,5,4,27,440.50,0,5
4735,5,1,1084.00,1084.00,0.40,8.00,4.00,2,93,7,12,73,1106.00,0,4
6511,8,3,2254.33,751.44,0.25,16.25,4.25,1,88,7,22,120,812.88,62,5
6838,5,2,3188.13,1594.07,0.20,4.00,3.80,1,3,5,12,67,1147.80,51,5
3824,5,3,3904.47,1301.49,0.40,14.00,3.80,1,94,7,12,50,690.80,108,5
3772,4,1,674.32,674.32,0.25,10.00,3.50,1,219,4,13,25,1168.00,48,4
7600,8,3,6181.15,2060.38,0.50,10.63,4.25,1,37,6,18,116,826.13,31,4
4296,3,1,4806.65,4806.65,0.67,10.00,3.67,2,70,4,10,30,1030.33,34,5
3680,6,2,3406.58,1703.29,0.50,5.00,3.67,2,64,4,10,88,1219.00,83,5
7715,6,2,3705.77,1852.89,0.50,11.67,4.17,2,52,4,18,68,1085.33,58,5
3243,4,1,993.00,993.00,0.50,7.50,4.25,1,7,6,11,38,602.75,3,3
2117,3,1,1873.58,1873.58,0.33,10.00,4.33,1,25,7,8,25,564.00,32,4
8934,3,0,0.00,NULL,0.67,15.00,4.00,2,33,6,4,51,1095.33,0,3
3985,5,1,2319.93,2319.93,0.60,9.00,3.60,1,51,7,16,76,573.00,12,5
1598,5,0,0.00,NULL,0.40,9.00,4.00,2,39,6,12,63,1180.80,0,2
6768,4,1,839.94,839.94,0.50,3.75,3.75,1,98,6,8,38,859.25,39,4
7447,3,0,0.00,NULL,0.67,5.00,4.00,1,41,4,8,32,407.67,0,1
8544,3,0,0.00,NULL,0.00,0.00,4.00,1,52,7,7,46,1043.00,0,3
6630,1,0,0.00,NULL,0.00,10.00,4.00,1,16,1,4,15,132.00,0,4
7370,2,0,0.00,NULL,0.50,10.00,4.00,1,78,7,4,33,429.50,0,5
8534,5,1,5044.07,5044.07,0.40,9.00,3.80,2,82,5,12,56,829.20,34,4
9489,2,1,315.89,315.89,0.00,22.50,4.00,1,90,7,5,22,1364.00,23,3
1421,2,0,0.00,NULL,0.50,20.00,4.00,1,61,2,6,16,139.50,0,4
7688,2,0,0.00,NULL,1.00,20.00,4.00,1,192,5,3,32,789.50,0,3
7683,1,0,0.00,NULL,1.00,15.00,4.00,0,198,6,2,4,1696.00,0,4
9020,3,0,0.00,NULL,0.67,10.00,4.00,1,204,7,5,41,1519.00,0,3
1436,2,1,3005.46,3005.46,0.50,10.00,4.00,1,93,3,6,28,524.50,24,4
3220,4,0,0.00,NULL,0.50,10.00,4.00,1,33,7,8,55,922.25,0,5
2728,5,2,2921.72,1460.86,0.60,7.00,3.60,2,58,5,15,57,640.20,93,4
6430,7,2,2162.60,1081.30,0.43,8.57,4.14,2,74,7,18,66,720.71,52,5
1038,4,1,4503.98,4503.98,0.50,7.50,4.00,1,98,7,11,31,1076.00,38,3
1153,1,1,1069.29,1069.29,0.00,0.00,3.00,0,203,7,1,1,1351.00,35,4
5537,4,1,1249.43,1249.43,0.75,2.50,4.00,2,186,6,8,53,576.25,17,3
9744,3,1,1927.76,1927.76,0.33,0.00,4.00,2,49,7,8,11,671.33,20,5
5754,5,2,2924.19,1462.10,0.40,22.00,3.80,1,58,7,10,47,646.60,41,5
9124,5,2,2110.72,1055.36,0.60,6.00,4.20,1,35,6,10,40,1058.00,51,4
5012,2,1,333.74,333.74,0.50,17.50,4.00,1,68,6,4,23,1238.00,9,2
6920,2,0,0.00,NULL,1.00,20.00,4.00,1,3,6,5,22,673.50,0,5
5965,2,1,950.80,950.80,0.50,0.00,3.00,1,23,7,2,14,1282.00,24,3
4463,4,0,0.00,NULL,0.75,7.50,4.00,2,202,2,9,36,753.75,0,4
6296,4,0,0.00,NULL,0.75,16.25,4.00,1,41,7,12,49,899.25,0,4
1028,5,1,2328.44,2328.44,0.60,5.00,4.00,2,84,6,15,57,956.60,43,5
3200,8,3,4233.42,1411.14,0.25,4.38,4.13,2,95,6,21,111,1119.00,60,5
7064,5,1,596.59,596.59,0.40,11.00,3.80,2,65,6,9,70,1408.60,18,5
4073,5,0,0.00,NULL,0.20,19.00,4.00,1,81,6,12,28,865.40,0,4
1488,2,0,0.00,NULL,1.00,7.50,4.00,2,31,6,7,23,383.00,0,3
1132,3,2,3476.22,1738.11,0.33,8.33,3.67,1,178,5,7,25,901.00,29,2
2119,6,2,1731.77,865.89,0.00,15.83,3.83,2,92,6,15,84,1055.00,23,5
8794,3,1,3869.36,3869.36,0.33,1.67,4.33,1,169,7,8,23,1117.67,32,5
3965,1,0,0.00,NULL,0.00,15.00,4.00,1,179,0,1,23,87.00,0,5
7558,5,1,472.02,472.02,0.40,14.00,3.80,0,30,6,13,62,828.00,3,5
5773,3,0,0.00,NULL,0.67,11.67,4.00,2,6,7,3,23,1475.33,0,4
5062,3,0,0.00,NULL,0.00,3.33,4.00,2,76,7,7,18,671.33,0,2
9053,4,0,0.00,NULL,0.00,8.75,4.00,1,97,5,8,42,602.25,0,4
3823,2,1,2194.52,2194.52,0.50,7.50,4.00,1,9,7,5,36,1022.00,37,5
6151,8,2,1626.80,813.40,0.25,10.00,4.13,1,47,7,25,101,1054.38,72,5
4929,5,1,687.46,687.46,0.40,8.00,3.40,1,190,7,12,52,1092.80,5,5
6475,2,0,0.00,NULL,1.00,12.50,4.00,2,206,1,6,18,940.50,0,4
2871,3,2,4114.53,2057.27,0.33,11.67,4.00,1,85,7,8,41,788.00,66,5
7133,2,1,2089.82,2089.82,0.50,7.50,4.50,2,79,7,4,34,1338.50,24,3
7689,2,1,1063.08,1063.08,0.50,5.00,4.50,2,67,7,8,14,1617.00,22,4
2101,2,0,0.00,NULL,0.50,0.00,4.00,0,200,3,6,39,938.50,0,5
2488,5,3,2745.75,915.25,0.00,11.00,3.40,1,29,7,11,63,1205.00,63,5
7073,6,2,4805.88,2402.94,0.33,2.50,3.67,2,91,7,18,89,792.67,39,4
2070,4,0,0.00,NULL,0.50,10.00,4.00,1,85,6,7,83,1016.00,0,5
8922,3,1,2340.15,2340.15,0.00,6.67,4.33,2,80,6,9,13,955.33,13,2
8443,3,0,0.00,NULL,0.67,8.33,4.00,2,61,2,8,46,442.67,0,5
1985,6,1,4485.96,4485.96,0.83,5.83,3.67,1,71,6,21,112,1161.17,27,5
7042,1,0,0.00,NULL,1.00,20.00,4.00,1,170,3,3,10,361.00,0,0
4987,1,0,0.00,NULL,0.00,15.00,4.00,1,209,1,2,8,587.00,0,0
3415,4,1,961.20,961.20,0.50,7.50,3.75,2,82,6,5,23,510.25,44,5
4100,4,0,0.00,NULL,0.50,15.00,4.00,2,61,5,14,55,958.75,0,3
7735,3,0,0.00,NULL,0.33,10.00,4.00,2,50,7,5,43,1094.67,0,4
2877,2,0,0.00,NULL,0.00,2.50,4.00,2,4,1,4,25,965.50,0,5
5885,6,1,84.96,84.96,0.33,5.83,3.67,1,99,5,14,92,705.83,45,5
8170,2,0,0.00,NULL,0.50,0.00,4.00,0,8,5,5,30,983.50,0,3
7354,7,1,986.04,986.04,0.00,10.71,4.00,2,2,7,13,83,908.43,18,5
9935,2,0,0.00,NULL,0.50,5.00,4.00,2,88,7,5,37,1484.50,0,5
3315,4,1,2191.24,2191.24,0.75,3.75,3.25,1,214,7,9,32,918.75,1,5
7239,2,0,0.00,NULL,0.50,0.00,4.00,1,38,1,5,18,1077.50,0,3
2549,6,2,4126.59,2063.30,0.33,5.00,3.50,2,81,7,12,58,1066.67,30,3
8505,5,1,3055.39,3055.39,0.40,13.00,4.00,2,95,6,14,71,445.80,15,4
2531,2,0,0.00,NULL,0.00,10.00,4.00,0,161,7,6,17,1441.50,0,0
3678,3,0,0.00,NULL,0.00,11.67,4.00,1,93,6,7,40,683.33,0,4
5132,2,1,1352.01,1352.01,0.00,5.00,4.00,2,167,7,4,11,231.50,9,3
4335,4,0,0.00,NULL,0.50,3.75,4.00,2,59,2,8,61,1063.00,0,4
2530,1,0,0.00,NULL,0.00,20.00,4.00,1,211,3,1,23,1534.00,0,3
1177,3,1,756.39,756.39,0.33,5.00,3.33,2,75,4,5,36,1207.00,16,5
9850,2,0,0.00,NULL,0.50,7.50,4.00,1,211,4,3,19,652.00,0,1
1468,3,0,0.00,NULL,0.67,6.67,4.00,1,60,7,10,51,835.00,0,4
4004,4,3,11708.76,3902.92,0.25,0.00,3.25,1,73,7,11,19,1251.50,59,5
9368,5,3,4764.46,1588.15,0.20,6.00,3.00,2,90,7,14,69,1118.20,92,4
2395,5,1,963.64,963.64,0.60,10.00,4.20,2,190,7,9,67,804.20,13,5
1656,3,0,0.00,NULL,1.00,0.00,4.00,2,220,6,10,41,103.33,0,4
7694,3,0,0.00,NULL,0.67,8.33,4.00,2,205,5,8,12,328.33,0,5
1658,2,1,1048.12,1048.12,0.50,2.50,4.00,2,215,3,6,38,1014.00,25,2
4736,3,0,0.00,NULL,0.33,0.00,4.00,2,95,5,5,25,977.33,0,5
9095,4,1,2188.56,2188.56,0.00,0.00,4.25,1,86,6,13,68,668.25,8,5
5060,4,1,5304.18,5304.18,0.50,8.75,3.75,2,72,6,9,43,764.75,31,4
8823,7,2,4389.32,2194.66,0.43,15.71,3.29,1,93,7,20,104,550.86,80,5
3205,3,1,2309.84,2309.84,0.67,13.33,4.00,1,56,7,7,38,342.33,7,1
2270,3,0,0.00,NULL,0.00,5.00,4.00,1,70,6,10,34,724.33,0,5
9663,4,1,3129.52,3129.52,0.75,10.00,4.25,1,69,6,11,43,1182.75,42,3
7858,3,1,642.33,642.33,0.00,5.00,4.33,1,199,7,5,36,650.67,18,5
9197,6,4,4642.55,1160.64,0.17,11.67,4.50,2,71,6,10,70,1218.33,118,4
3878,3,0,0.00,NULL,0.33,8.33,4.00,1,69,6,8,37,1189.67,0,5
4642,3,1,1548.43,1548.43,0.33,23.33,4.00,2,81,4,9,47,662.00,21,5
4349,2,1,4420.73,4420.73,0.00,20.00,2.50,2,155,5,6,32,415.50,14,5
6194,3,0,0.00,NULL,0.67,1.67,4.00,2,54,7,6,51,1123.67,0,2
5038,9,2,2512.57,1256.29,0.44,8.33,3.89,1,60,6,16,125,1152.56,80,5
3183,6,1,401.20,401.20,0.67,13.33,4.00,1,70,6,15,80,632.83,5,5
4375,4,0,0.00,NULL,0.25,7.50,4.00,2,40,6,9,59,994.50,0,4
6478,7,3,5704.41,1901.47,0.29,15.71,4.29,2,86,6,22,121,674.14,48,5
1340,1,0,0.00,NULL,1.00,10.00,4.00,1,130,5,2,17,1255.00,0,1
4023,1,0,0.00,NULL,1.00,15.00,4.00,1,44,6,1,3,1475.00,0,1
3635,4,1,1303.14,1303.14,0.75,8.75,4.00,1,173,6,12,65,739.00,45,5
1632,5,2,1683.59,841.80,0.20,11.00,3.80,2,67,7,11,62,817.20,45,5
2103,2,0,0.00,NULL,0.50,12.50,4.00,1,200,3,7,17,369.50,0,2
7381,2,0,0.00,NULL,0.50,0.00,4.00,2,49,4,2,26,253.50,0,3
5460,4,1,1026.87,1026.87,0.25,3.75,4.00,1,45,7,9,57,963.50,27,5
1921,5,0,0.00,NULL,0.80,10.00,4.00,2,81,6,13,75,1063.60,0,4
4103,4,0,0.00,NULL,0.75,13.75,4.00,2,89,7,9,86,748.25,0,5
8863,2,1,1434.13,1434.13,0.00,5.00,3.50,1,166,7,7,27,640.50,11,3
1888,2,0,0.00,NULL,0.00,2.50,4.00,0,185,7,5,13,1045.00,0,5
4911,4,0,0.00,NULL,0.50,3.75,4.00,1,205,6,12,38,1104.75,0,5
1926,8,3,3901.23,1300.41,0.25,10.63,3.88,1,50,7,22,94,928.75,92,5
4856,5,1,1059.04,1059.04,0.40,7.00,3.80,1,90,7,14,52,639.20,3,4
5324,3,0,0.00,NULL,0.33,1.67,4.00,1,61,2,10,41,1064.33,0,5
2382,6,0,0.00,NULL,0.50,5.00,4.00,1,99,5,20,100,696.83,0,5
8192,7,2,2929.44,1464.72,0.57,7.14,4.29,2,75,7,16,93,970.71,61,5
4980,2,1,1369.58,1369.58,0.00,5.00,4.50,1,223,6,4,25,449.50,39,4
9418,3,0,0.00,NULL,0.33,8.33,4.00,1,213,7,9,34,1163.00,0,4
2238,3,0,0.00,NULL,0.00,13.33,4.00,2,2,6,10,39,934.00,0,3
1478,3,1,656.62,656.62,0.00,3.33,4.00,1,200,4,6,40,1012.67,5,4
1040,5,2,7417.69,3708.85,0.60,3.00,3.60,2,83,7,15,25,1016.00,66,5
4210,3,1,462.73,462.73,0.33,15.00,4.33,1,172,6,8,53,833.67,46,4
2736,3,1,1461.58,1461.58,0.67,10.00,3.33,0,77,6,5,44,664.33,14,2
1824,1,0,0.00,NULL,0.00,0.00,4.00,0,146,4,4,5,1677.00,0,5
3122,5,1,2434.09,2434.09,0.80,7.00,4.00,1,76,6,15,52,1134.60,21,5
3154,2,0,0.00,NULL,0.50,5.00,4.00,0,144,0,6,8,1020.50,0,2
9773,4,0,0.00,NULL,0.50,8.75,4.00,1,6,6,11,46,1143.00,0,5
8201,2,1,4065.70,4065.70,0.00,2.50,2.50,1,203,3,5,36,1055.50,45,3
1167,3,2,3059.20,1529.60,0.00,3.33,3.67,1,72,4,7,39,615.33,54,4
9238,2,0,0.00,NULL,1.00,17.50,4.00,2,212,7,4,15,348.50,0,4
2847,5,1,4613.80,4613.80,0.20,18.00,3.80,1,7,7,14,60,884.40,16,4
4653,4,1,387.64,387.64,0.75,6.25,4.00,1,66,6,6,48,715.75,8,5
3948,1,1,2062.90,2062.90,0.00,0.00,4.00,1,132,3,2,20,284.00,8,5
4644,2,0,0.00,NULL,1.00,0.00,4.00,0,55,7,3,16,1357.00,0,5
7845,3,0,0.00,NULL,0.67,6.67,4.00,2,91,4,8,48,1479.67,0,5
7411,6,3,1281.23,427.08,0.50,10.83,4.17,2,89,7,16,86,1207.83,102,5
6406,3,1,5299.16,5299.16,0.00,6.67,4.00,1,26,7,7,39,1142.67,3,4
6345,2,2,248.44,124.22,0.00,20.00,4.50,2,90,4,2,15,164.50,14,0
6641,4,0,0.00,NULL,1.00,10.00,4.00,1,190,6,11,77,743.00,0,5
7547,5,0,0.00,NULL,0.40,5.00,4.00,1,28,7,11,56,590.00,0,4
2657,4,0,0.00,NULL,0.75,12.50,4.00,1,71,7,9,43,1199.00,0,5
4560,2,0,0.00,NULL,0.50,15.00,4.00,0,82,6,5,23,1347.50,0,3
1969,4,1,3084.52,3084.52,0.25,8.75,4.25,2,97,7,10,45,806.75,16,4
7336,3,1,1468.75,1468.75,0.67,5.00,4.00,1,38,5,4,59,464.33,42,1
4938,3,1,1386.10,1386.10,0.67,5.00,4.00,1,215,7,6,15,1097.00,28,5
6734,2,1,4444.59,4444.59,0.50,2.50,4.50,1,67,7,8,15,622.50,6,5
6082,3,1,311.67,311.67,0.00,10.00,3.00,1,41,5,8,46,1001.67,20,5
7015,7,5,10077.00,2015.40,0.29,11.43,4.43,1,86,6,17,89,1122.14,133,5
3462,4,2,3136.14,1568.07,0.25,12.50,4.25,2,70,7,7,24,499.75,31,5
2248,4,0,0.00,NULL,0.50,0.00,4.00,2,55,7,15,68,1110.25,0,4
9755,3,2,1326.72,663.36,0.33,15.00,3.33,1,87,7,5,36,1229.67,47,3
3639,3,2,6934.19,3467.10,0.33,6.67,3.33,1,74,7,8,27,1133.33,50,5
3753,4,1,569.70,569.70,0.50,3.75,4.00,2,95,7,9,39,280.00,41,4
9120,2,0,0.00,NULL,0.00,7.50,4.00,1,22,2,3,23,737.50,0,4
3351,4,0,0.00,NULL,0.50,6.25,4.00,2,82,7,8,61,852.00,0,5
9880,4,1,2133.20,2133.20,0.50,6.25,4.00,2,29,6,8,62,1016.50,3,3
5146,4,1,1760.28,1760.28,0.25,7.50,3.75,1,95,7,13,52,1078.50,14,5
2076,4,1,2587.71,2587.71,0.25,8.75,3.50,1,75,7,15,70,768.25,48,5
6876,2,0,0.00,NULL,0.50,10.00,4.00,1,19,0,3,38,1238.50,0,3
1395,7,2,2703.44,1351.72,0.14,9.29,4.29,2,30,7,19,77,1112.43,56,5
5583,3,0,0.00,NULL,1.00,13.33,4.00,2,85,7,7,38,453.00,0,5
4751,5,0,0.00,NULL,0.40,5.00,4.00,1,86,5,13,50,438.40,0,3
2812,2,1,1791.55,1791.55,0.00,15.00,4.00,0,71,6,4,21,1709.00,14,3
5949,2,1,1833.37,1833.37,0.50,0.00,3.50,1,52,6,2,38,708.50,5,5
7283,6,1,1032.07,1032.07,0.50,6.67,3.83,2,64,7,15,85,888.50,37,5
8081,4,2,1068.72,534.36,0.25,15.00,4.00,1,70,3,8,54,534.50,91,2
5574,5,2,3038.93,1519.47,0.40,2.00,3.80,1,68,7,14,86,875.00,48,5
1832,6,1,1846.82,1846.82,0.17,15.00,4.00,1,27,7,15,40,1017.83,24,3
5313,2,1,1620.68,1620.68,0.50,7.50,3.50,2,196,4,7,29,1011.50,47,3
6895,3,2,5557.81,2778.91,0.33,3.33,4.67,1,74,4,7,40,781.33,41,5
1559,1,0,0.00,NULL,1.00,0.00,4.00,1,156,2,2,15,1440.00,0,5
4503,4,0,0.00,NULL,0.50,6.25,4.00,1,188,7,8,45,860.00,0,4
3322,7,2,1001.37,500.69,0.29,15.00,3.86,2,90,7,17,123,511.71,61,5
1353,3,0,0.00,NULL,0.33,8.33,4.00,1,87,6,7,38,1327.67,0,5
8235,2,0,0.00,NULL,0.50,7.50,4.00,0,142,6,4,15,741.00,0,2
5001,3,1,1028.84,1028.84,0.00,8.33,4.33,1,98,6,8,64,1365.33,13,4
7764,2,0,0.00,NULL,0.00,25.00,4.00,1,33,5,3,25,752.50,0,4
4283,6,2,4764.04,2382.02,0.50,2.50,4.17,2,3,7,13,81,588.33,67,3
6283,6,3,7051.29,2350.43,0.33,6.67,3.17,1,93,7,18,78,1129.67,61,5
8881,4,1,675.05,675.05,0.75,6.25,4.00,2,63,7,6,71,1090.75,12,5
9972,6,0,0.00,NULL,0.50,6.67,4.00,1,6,6,16,79,1076.83,0,5
6418,3,0,0.00,NULL,0.33,16.67,4.00,2,35,3,11,29,1198.00,0,3
4169,5,3,3673.29,1224.43,0.40,1.00,3.60,1,44,7,14,76,1166.80,89,5
8427,5,1,578.45,578.45,0.60,18.00,3.40,1,84,7,14,90,1004.00,9,4
4839,2,0,0.00,NULL,0.00,15.00,4.00,2,36,5,6,33,1017.00,0,3
5677,4,1,370.56,370.56,0.25,8.75,4.00,2,90,7,10,39,1297.50,43,5
2745,1,1,468.55,468.55,0.00,20.00,1.00,0,143,0,1,17,1199.00,43,1
5515,4,1,3339.20,3339.20,0.50,7.50,3.75,1,70,6,10,78,1008.50,38,5
9909,5,1,2419.52,2419.52,0.20,12.00,4.20,1,92,6,12,73,971.00,36,5
3971,6,0,0.00,NULL,0.17,6.67,4.00,2,7,7,11,87,656.17,0,5
6265,2,0,0.00,NULL,0.50,2.50,4.00,1,217,4,4,13,252.00,0,4
4609,4,1,1378.16,1378.16,0.25,1.25,3.50,1,5,7,9,30,685.00,8,5
2393,1,0,0.00,NULL,0.00,0.00,4.00,0,70,0,4,17,953.00,0,5
8871,2,0,0.00,NULL,0.50,25.00,4.00,2,99,6,4,14,757.00,0,5
8970,4,1,2046.60,2046.60,0.50,10.00,4.25,1,42,6,11,27,950.50,11,4
4315,3,1,1811.52,1811.52,0.67,10.00,4.00,2,74,7,6,52,1121.33,7,4
9624,5,1,1558.96,1558.96,0.60,14.00,3.60,2,40,7,13,46,817.80,23,4
3307,2,1,1220.33,1220.33,0.50,5.00,4.50,2,171,4,6,25,477.00,34,3
1447,5,2,2317.72,1158.86,0.20,11.00,4.20,1,94,6,11,84,553.40,77,5
7583,3,0,0.00,NULL,0.67,16.67,4.00,2,79,7,7,46,710.00,0,5
3950,5,2,9031.64,4515.82,0.20,7.00,4.00,2,75,6,15,33,726.20,50,3
9029,2,1,1693.13,1693.13,0.50,0.00,4.50,1,119,2,3,35,257.50,19,3
8827,2,0,0.00,NULL,0.50,7.50,4.00,0,163,4,5,35,1636.00,0,0
2153,5,0,0.00,NULL,0.60,9.00,4.00,1,222,7,15,42,837.20,0,4
9251,1,0,0.00,NULL,1.00,15.00,4.00,1,72,6,2,18,519.00,0,2
2262,6,1,415.06,415.06,0.33,9.17,4.00,2,80,7,13,52,915.00,5,4
5413,1,1,2911.58,2911.58,0.00,0.00,5.00,1,45,2,2,21,1649.00,9,2
1689,3,0,0.00,NULL,0.67,10.00,4.00,1,193,5,7,45,487.67,0,3
9606,4,1,418.90,418.90,0.50,11.25,3.75,2,202,1,9,47,703.25,10,5
6915,3,0,0.00,NULL,0.33,5.00,4.00,1,73,2,6,17,1147.00,0,4
8876,3,1,322.82,322.82,0.00,8.33,3.33,1,46,5,8,15,761.00,44,3
8426,4,0,0.00,NULL,0.75,8.75,4.00,2,97,5,9,55,471.75,0,5
8668,4,2,1320.70,660.35,0.25,6.25,4.50,2,69,6,8,52,703.00,2,2
8736,2,1,2908.37,2908.37,0.00,10.00,4.00,1,30,5,5,11,1410.50,32,4
4704,5,1,2722.90,2722.90,0.40,11.00,4.00,1,86,6,14,49,612.80,43,5
4436,3,0,0.00,NULL,0.67,16.67,4.00,1,80,6,7,47,1120.67,0,4
9958,2,0,0.00,NULL,0.50,12.50,4.00,0,46,5,4,22,375.50,0,2
9862,5,2,7869.07,3934.54,0.20,10.00,3.40,1,9,7,12,34,1166.00,76,3
7807,8,3,2204.38,734.79,0.13,8.13,3.75,1,89,5,12,81,750.00,14,4
9254,5,1,374.38,374.38,0.20,15.00,3.80,2,8,6,10,57,1022.60,14,5
6195,4,1,950.69,950.69,0.50,11.25,4.00,1,96,6,10,36,937.50,43,1
9360,4,1,1559.58,1559.58,0.25,7.50,3.50,2,68,7,8,45,489.50,31,3
7476,8,2,2583.14,1291.57,0.25,5.00,4.25,1,78,7,26,116,923.00,64,5
7682,5,2,3235.21,1617.61,0.40,15.00,3.80,2,99,7,14,55,843.40,63,5
2599,1,1,2026.40,2026.40,0.00,10.00,5.00,2,22,1,4,20,1646.00,34,1
6101,5,2,669.14,334.57,0.60,12.00,4.00,2,86,7,8,55,1060.60,50,5
7581,3,1,1665.69,1665.69,0.00,13.33,3.33,2,45,2,8,38,649.00,22,4
5045,4,1,1715.42,1715.42,0.75,10.00,3.50,2,59,7,11,46,1375.75,31,4
7848,2,0,0.00,NULL,0.50,2.50,4.00,1,5,3,4,41,628.50,0,2
9617,3,1,2634.80,2634.80,0.33,10.00,3.00,1,209,4,6,39,621.67,33,3
3942,5,1,730.25,730.25,0.60,8.00,4.00,2,98,7,13,103,619.60,4,4
3723,4,0,0.00,NULL,0.50,5.00,4.00,2,9,7,8,76,1078.50,0,4
9724,5,0,0.00,NULL,0.60,7.00,4.00,2,82,4,10,71,1374.20,0,5
9874,3,0,0.00,NULL,0.67,5.00,4.00,1,56,7,8,22,970.00,0,5
2618,4,0,0.00,NULL,0.75,6.25,4.00,2,52,2,9,62,1000.50,0,5
4405,5,2,4808.39,2404.20,0.40,14.00,4.00,2,91,7,15,89,863.60,38,3
9531,3,0,0.00,NULL,0.00,10.00,4.00,1,207,6,7,43,313.00,0,5
2797,6,1,1169.00,1169.00,0.50,12.50,4.00,2,219,7,18,71,973.67,18,4
7948,4,0,0.00,NULL,0.50,3.75,4.00,2,8,6,10,41,496.00,0,5
8047,3,1,497.81,497.81,0.00,11.67,3.33,1,64,7,7,30,1200.33,30,5
2010,2,0,0.00,NULL,0.50,12.50,4.00,1,30,4,4,17,1041.50,0,5
2604,5,0,0.00,NULL,0.60,9.00,4.00,2,79,6,13,87,850.60,0,5
8063,2,0,0.00,NULL,0.50,15.00,4.00,1,155,5,7,7,644.00,0,5
6466,2,0,0.00,NULL,0.50,2.50,4.00,2,191,4,6,25,906.50,0,4
5992,4,0,0.00,NULL,0.75,10.00,4.00,1,179,6,9,68,706.75,0,4
3763,3,1,915.39,915.39,0.33,8.33,4.00,1,78,6,6,39,934.67,12,3
5529,4,1,6006.60,6006.60,0.75,1.25,3.50,1,76,6,13,65,977.50,45,4
4819,5,1,1279.72,1279.72,0.40,7.00,3.80,2,51,7,12,38,1026.60,17,4
7658,10,2,5916.89,2958.45,0.10,8.00,4.00,1,89,7,22,134,865.20,78,4
3988,4,2,4183.20,2091.60,0.50,11.25,3.75,2,7,7,14,40,1262.75,55,5
6702,1,1,7142.29,7142.29,0.00,10.00,5.00,1,157,2,4,16,1483.00,21,4
5034,5,1,784.35,784.35,0.60,12.00,4.20,1,65,7,15,41,1325.80,7,4
5877,2,1,554.03,554.03,0.00,5.00,4.00,1,3,4,3,14,927.50,0,2
8763,6,0,0.00,NULL,0.67,12.50,4.00,2,79,7,14,70,972.83,0,4
4542,3,3,2648.98,882.99,0.00,20.00,3.67,2,97,3,7,35,659.67,72,5
7012,3,1,1356.05,1356.05,0.00,10.00,4.33,2,94,7,7,47,1456.67,10,4
9476,6,4,11059.96,2764.99,0.17,12.50,3.83,2,88,7,15,93,1107.00,117,5
7860,3,0,0.00,NULL,0.00,11.67,4.00,2,89,5,7,50,1190.00,0,5
3798,5,1,205.98,205.98,0.60,13.00,4.00,2,90,4,15,60,725.00,17,5
9897,2,0,0.00,NULL,0.50,17.50,4.00,1,76,7,3,23,163.50,0,5
6250,2,0,0.00,NULL,1.00,12.50,4.00,1,16,7,5,19,754.50,0,5
3537,3,2,3244.62,1622.31,0.00,10.00,4.00,1,85,5,7,42,1588.33,52,2
9921,4,2,6298.85,3149.43,0.25,3.75,4.25,2,26,7,7,51,628.25,54,5
6800,4,0,0.00,NULL,0.25,5.00,4.00,0,58,7,10,35,1009.75,0,5
3172,2,0,0.00,NULL,1.00,17.50,4.00,1,218,7,4,12,594.00,0,3
3854,4,1,652.25,652.25,0.50,13.75,4.00,2,94,3,8,48,1116.50,3,4
3360,4,0,0.00,NULL,0.25,6.25,4.00,2,86,7,13,32,802.25,0,5
8501,5,3,1883.69,627.90,0.20,1.00,3.80,1,98,6,13,73,334.20,68,4
8022,3,0,0.00,NULL,1.00,10.00,4.00,1,9,5,10,46,338.33,0,3
7934,7,1,1042.21,1042.21,0.14,10.00,4.14,1,78,7,16,78,872.14,27,5
5985,3,1,1616.39,1616.39,0.00,13.33,4.33,1,56,2,6,47,744.33,31,3
1661,5,3,10152.52,3384.17,0.20,3.00,4.40,2,79,6,18,71,1171.00,39,5
6519,2,0,0.00,NULL,0.00,15.00,4.00,1,175,5,6,22,997.50,0,1
7777,8,2,1812.90,906.45,0.75,8.75,3.63,1,73,7,18,121,915.88,35,4
7532,4,0,0.00,NULL,0.50,5.00,4.00,2,86,4,10,26,1134.50,0,5
5756,6,2,6746.84,3373.42,0.50,14.17,3.83,1,9,7,18,68,665.50,14,5
4018,4,1,249.86,249.86,0.50,10.00,3.75,1,30,2,9,79,1109.75,1,3
2474,2,1,2877.06,2877.06,0.50,17.50,4.00,1,182,5,6,24,1562.50,25,4
1110,4,1,2098.22,2098.22,0.50,3.75,3.75,2,42,6,11,22,1089.75,33,5
7188,1,0,0.00,NULL,1.00,0.00,4.00,0,11,2,2,16,1390.00,0,1
4235,2,0,0.00,NULL,0.50,12.50,4.00,0,216,3,6,31,890.50,0,4
6689,3,0,0.00,NULL,0.67,0.00,4.00,1,214,5,9,40,817.00,0,5
1338,2,0,0.00,NULL,0.50,17.50,4.00,0,89,3,8,16,780.50,0,1
9987,6,1,922.81,922.81,0.33,4.17,4.17,1,88,7,19,70,803.50,44,4
6272,2,0,0.00,NULL,0.50,5.00,4.00,2,90,5,4,36,1595.50,0,4
9657,3,0,0.00,NULL,0.33,6.67,4.00,1,44,4,5,45,844.33,0,5
2655,2,0,0.00,NULL,0.50,12.50,4.00,0,87,1,8,43,1314.50,0,2
3535,3,2,3622.63,1811.32,0.00,11.67,3.33,1,62,7,9,35,1126.33,26,5
2296,3,2,2406.66,1203.33,0.33,16.67,3.67,1,85,6,4,41,819.33,73,4
4417,4,0,0.00,NULL,0.75,3.75,4.00,1,85,7,10,52,336.00,0,5
4828,6,0,0.00,NULL,0.67,5.00,4.00,2,61,6,11,71,523.00,0,5
3257,5,0,0.00,NULL,0.00,10.00,4.00,1,97,7,14,84,1323.60,0,5
4122,5,2,3769.76,1884.88,0.00,8.00,3.60,1,84,6,19,68,982.60,50,5
3566,4,1,1955.35,1955.35,0.50,15.00,4.00,2,72,7,8,39,636.25,31,4
6743,6,3,4053.02,1351.01,0.50,10.83,4.17,2,78,6,12,103,944.33,89,5
7243,2,0,0.00,NULL,1.00,2.50,4.00,1,123,2,2,24,1230.50,0,2
4104,5,2,4315.97,2157.99,0.40,9.00,3.80,1,71,7,13,57,1329.60,32,4
7347,1,0,0.00,NULL,1.00,20.00,4.00,0,46,6,4,23,988.00,0,0
2206,4,0,0.00,NULL,0.75,5.00,4.00,2,58,2,11,53,527.25,0,4
4564,5,3,4397.78,1465.93,0.20,9.00,4.40,2,32,5,13,55,1109.00,61,4
5863,5,2,3859.38,1929.69,0.20,6.00,3.40,2,218,6,13,51,698.40,67,5
1360,3,3,3696.46,1232.15,0.00,6.67,3.67,1,3,7,8,22,903.67,99,5
1707,2,0,0.00,NULL,0.00,10.00,4.00,2,96,6,3,20,1297.00,0,1
9260,4,2,3319.98,1659.99,0.50,5.00,4.00,1,58,7,11,47,997.75,65,4
1322,5,2,2239.44,1119.72,0.40,11.00,4.40,1,56,6,12,81,660.80,38,4
4661,3,0,0.00,NULL,0.67,15.00,4.00,2,208,6,4,27,1113.00,0,4
7874,4,2,6848.20,3424.10,0.50,16.25,3.75,1,173,7,10,47,1186.75,56,3
3952,7,0,0.00,NULL,0.57,16.43,4.00,1,216,6,15,106,653.29,0,5
7776,5,2,2097.81,1048.91,0.20,11.00,4.20,2,70,7,9,65,619.40,32,5
5452,3,0,0.00,NULL,0.33,13.33,4.00,2,215,7,9,41,870.00,0,5
1778,1,1,1006.00,1006.00,0.00,10.00,4.00,2,20,0,2,17,346.00,21,4
8149,3,0,0.00,NULL,0.67,8.33,4.00,2,162,6,9,35,1016.67,0,5
6707,4,0,0.00,NULL,0.75,11.25,4.00,2,59,7,8,34,1109.50,0,4
8664,2,1,1122.73,1122.73,0.50,10.00,4.50,1,185,5,2,11,1076.00,13,1
8773,4,1,1260.34,1260.34,0.50,6.25,4.00,1,34,3,9,64,1133.00,40,5
4156,2,0,0.00,NULL,0.50,7.50,4.00,2,69,5,5,44,1154.00,0,5
1370,2,1,1920.92,1920.92,0.00,2.50,3.50,1,210,7,4,21,588.00,6,2
4116,1,0,0.00,NULL,1.00,20.00,4.00,2,70,2,1,20,1278.00,0,4
2307,2,1,1828.44,1828.44,0.50,10.00,4.00,1,83,5,6,28,840.50,26,5
4490,4,0,0.00,NULL,1.00,6.25,4.00,2,92,7,12,25,1242.00,0,4
5799,5,1,361.09,361.09,0.60,15.00,4.00,1,52,7,11,44,635.20,42,5
2317,2,0,0.00,NULL,0.00,5.00,4.00,1,148,6,5,32,1144.00,0,2
6419,4,0,0.00,NULL,0.50,6.25,4.00,1,81,6,13,62,941.50,0,5
3277,5,2,2710.45,1355.23,0.40,8.00,4.00,2,25,5,15,80,1133.80,34,5
9290,3,0,0.00,NULL,0.67,5.00,4.00,2,41,5,6,38,270.00,0,2
7926,5,0,0.00,NULL,0.20,1.00,4.00,2,97,5,12,59,1020.40,0,2
4939,3,2,6339.50,3169.75,0.00,3.33,4.67,1,79,5,7,26,948.00,35,3
2318,5,0,0.00,NULL,0.60,10.00,4.00,1,54,6,11,61,774.40,0,4
4093,5,0,0.00,NULL,0.40,6.00,4.00,2,81,7,10,40,1316.60,0,4
9329,1,0,0.00,NULL,0.00,15.00,4.00,0,202,0,2,24,433.00,0,2
6255,6,1,890.75,890.75,0.67,8.33,3.83,1,63,5,18,72,748.83,27,5
7891,4,1,939.78,939.78,0.50,13.75,3.50,2,90,6,8,35,856.75,4,3
3357,1,1,1420.48,1420.48,0.00,5.00,2.00,1,69,2,1,9,528.00,43,4
3545,5,1,2429.00,2429.00,0.20,6.00,4.20,1,218,7,15,97,1149.60,30,2
5022,8,1,474.80,474.80,0.38,8.13,4.00,2,61,7,18,98,1322.50,35,5
2447,1,0,0.00,NULL,1.00,0.00,4.00,1,42,4,3,18,992.00,0,1
4641,3,0,0.00,NULL,0.33,5.00,4.00,1,36,7,7,46,965.00,0,5
4219,6,1,868.60,868.60,0.33,7.50,4.17,1,68,5,14,70,826.00,49,5
6767,4,1,4927.84,4927.84,0.25,5.00,4.25,1,47,7,11,46,900.75,30,5
3520,5,1,2173.56,2173.56,0.20,14.00,3.60,2,74,6,14,69,587.00,18,5
7979,4,1,1203.17,1203.17,0.50,11.25,4.00,1,98,7,11,65,877.25,21,3
7254,4,2,2755.36,1377.68,0.25,3.75,3.75,2,87,7,8,59,773.50,49,5
7481,3,0,0.00,NULL,0.67,13.33,4.00,1,45,2,6,23,1385.33,0,5
6992,4,3,1711.41,570.47,0.00,6.25,4.00,1,94,7,5,63,709.25,61,5
3423,1,1,207.01,207.01,0.00,15.00,5.00,1,223,4,3,12,760.00,18,2
8464,3,1,2416.21,2416.21,0.33,13.33,4.33,1,24,5,5,37,1205.33,14,3
3128,5,3,2478.08,826.03,0.20,4.00,3.40,2,96,4,9,83,311.80,65,5
3493,2,1,1731.48,1731.48,0.50,7.50,3.50,1,69,5,5,23,249.00,16,5
4002,6,0,0.00,NULL,0.50,10.00,4.00,2,41,6,14,68,1006.83,0,4
8874,6,0,0.00,NULL,0.67,7.50,4.00,1,68,7,15,80,780.50,0,5
4056,7,1,1388.40,1388.40,0.43,13.57,3.71,2,95,5,20,101,632.71,16,4
7272,4,2,1362.17,681.09,0.00,8.75,3.75,1,138,5,9,58,692.25,56,5
1381,3,1,566.30,566.30,0.33,15.00,3.67,0,46,2,4,33,994.00,38,5
6528,6,1,1066.81,1066.81,0.67,5.00,4.00,2,96,7,14,84,976.67,8,5
8817,5,2,2367.32,1183.66,0.20,12.00,4.20,1,90,7,10,66,706.80,51,4
7377,2,1,1461.32,1461.32,0.50,7.50,4.50,1,29,7,3,21,1313.50,25,3
6241,2,1,932.63,932.63,0.00,2.50,4.50,1,45,7,4,24,558.50,23,5
8640,4,0,0.00,NULL,0.50,6.25,4.00,2,45,4,8,53,1281.75,0,1
3682,5,1,2922.60,2922.60,0.40,1.00,4.20,2,96,5,12,51,246.00,7,5
1096,4,2,4912.93,2456.47,0.25,5.00,4.00,1,44,5,12,64,846.50,22,5
4390,5,2,1222.64,611.32,0.20,10.00,3.60,1,65,7,13,72,799.60,75,5
1624,4,2,1483.57,741.79,0.25,5.00,4.00,1,48,5,9,52,932.25,18,4
7284,3,2,6763.80,3381.90,0.33,0.00,4.00,1,3,6,9,29,681.00,36,1
7509,5,1,5269.01,5269.01,0.20,15.00,3.80,1,80,6,13,76,1404.20,24,4
7761,6,1,2510.24,2510.24,0.17,9.17,4.00,2,82,7,15,80,1319.17,2,5
7737,4,1,347.17,347.17,0.50,6.25,3.75,2,97,6,8,69,568.75,41,4
2146,5,0,0.00,NULL,0.40,9.00,4.00,1,44,5,8,65,965.40,0,4
6994,4,0,0.00,NULL,0.50,17.50,4.00,1,87,6,13,43,795.25,0,4
7869,5,1,3178.95,3178.95,0.20,8.00,4.00,2,218,6,10,41,1112.80,32,4
2833,5,1,2638.71,2638.71,0.60,10.00,3.80,2,41,5,11,59,678.20,33,5
6982,5,0,0.00,NULL,0.00,4.00,4.00,2,89,6,15,80,615.20,0,4
5287,3,0,0.00,NULL,0.67,3.33,4.00,1,154,6,5,50,808.33,0,2
9218,5,0,0.00,NULL,0.60,17.00,4.00,2,73,4,16,46,554.20,0,5
4732,4,1,1245.51,1245.51,0.25,10.00,3.75,1,94,7,13,48,1056.25,0,5
5772,2,0,0.00,NULL,0.50,7.50,4.00,2,94,6,4,37,566.50,0,4
6919,3,0,0.00,NULL,1.00,6.67,4.00,0,92,5,9,54,545.67,0,3
6637,3,2,2012.64,1006.32,0.33,13.33,4.33,1,95,6,8,54,1371.33,75,5
6857,4,1,2523.62,2523.62,0.25,7.50,4.25,1,90,6,10,54,972.00,36,5
8013,6,2,1969.25,984.63,0.33,8.33,4.00,0,51,6,17,68,809.50,10,5
9138,3,1,768.37,768.37,0.33,16.67,4.00,0,45,7,7,45,705.67,34,5
2881,2,0,0.00,NULL,0.00,15.00,4.00,1,206,3,2,13,415.50,0,5
3660,3,1,747.12,747.12,0.33,8.33,3.67,1,224,4,10,43,659.00,39,3
9353,3,0,0.00,NULL,0.33,10.00,4.00,0,25,7,8,64,892.00,0,4
6650,2,1,131.26,131.26,0.00,12.50,4.50,2,180,4,3,14,1134.00,32,1
6360,2,1,1000.13,1000.13,0.50,10.00,4.50,0,77,4,8,20,414.00,19,4
3949,3,0,0.00,NULL,0.33,1.67,4.00,1,79,4,5,26,1072.33,0,5
6863,4,2,4466.73,2233.37,0.25,16.25,3.25,2,58,7,10,41,773.25,55,5
4273,3,1,1424.13,1424.13,0.33,5.00,3.67,1,211,5,7,36,339.33,17,5
3585,2,0,0.00,NULL,0.50,7.50,4.00,1,162,7,5,28,979.50,0,5
8370,2,0,0.00,NULL,0.50,5.00,4.00,0,171,3,6,5,1000.50,0,3
4738,3,0,0.00,NULL,1.00,0.00,4.00,1,62,1,10,54,465.67,0,5
1280,2,0,0.00,NULL,0.50,17.50,4.00,0,84,4,4,19,659.50,0,1
1695,2,1,725.39,725.39,0.00,2.50,4.50,2,65,5,5,6,377.50,13,4
8632,2,1,599.67,599.67,0.50,20.00,4.00,1,29,6,5,32,520.00,33,5
2279,2,0,0.00,NULL,0.50,17.50,4.00,1,154,2,4,18,766.00,0,4
8161,7,3,2982.90,994.30,0.14,8.57,4.29,2,54,7,18,95,1016.29,83,5
9100,3,1,547.08,547.08,0.00,11.67,3.67,1,46,5,10,39,1296.33,38,4
5332,3,1,1275.40,1275.40,0.33,1.67,4.00,1,34,3,10,34,614.67,38,4
5725,10,2,4757.41,2378.71,0.80,6.50,3.80,1,76,6,20,101,710.80,52,5
4844,1,0,0.00,NULL,0.00,20.00,4.00,0,28,4,3,22,1525.00,0,4
9565,4,0,0.00,NULL,0.25,2.50,4.00,1,85,7,6,22,1176.50,0,5
3133,4,1,1733.53,1733.53,0.50,7.50,4.00,2,177,7,11,48,1056.00,30,4
4850,6,1,1923.75,1923.75,0.33,7.50,3.50,1,77,6,17,101,843.50,43,5
4499,2,0,0.00,NULL,0.50,7.50,4.00,1,206,2,3,20,190.50,0,5
8055,4,0,0.00,NULL,0.75,15.00,4.00,1,94,7,10,56,973.25,0,2
1393,2,0,0.00,NULL,0.50,2.50,4.00,0,53,3,7,10,1135.00,0,4
8453,3,2,4193.09,2096.55,0.00,3.33,4.33,1,74,7,9,40,1260.00,15,4
1210,3,0,0.00,NULL,0.33,23.33,4.00,1,85,2,7,32,1188.67,0,4
3840,4,0,0.00,NULL,0.75,2.50,4.00,1,93,4,8,25,642.25,0,5
5200,4,1,178.74,178.74,0.75,6.25,4.00,1,80,2,8,30,932.75,43,2
6364,4,1,5811.30,5811.30,0.25,11.25,4.00,1,99,6,11,55,1133.00,37,4
5410,1,0,0.00,NULL,1.00,15.00,4.00,1,81,0,3,5,714.00,0,3
8408,6,3,2694.22,898.07,0.33,14.17,4.00,1,3,7,11,100,918.33,31,5
1271,8,1,1130.35,1130.35,0.50,8.75,3.63,1,24,6,16,96,1140.25,35,5
6325,5,1,2156.11,2156.11,0.40,7.00,4.20,1,66,6,18,58,283.00,42,5
6375,4,1,3273.00,3273.00,0.25,2.50,4.00,1,71,7,11,49,1003.75,2,4
1613,3,2,2440.56,1220.28,0.33,0.00,3.33,1,20,6,7,56,915.67,72,5
6851,1,1,783.21,783.21,0.00,15.00,2.00,1,18,4,3,17,707.00,9,2
2473,4,0,0.00,NULL,0.50,5.00,4.00,2,37,7,9,43,680.50,0,3
5688,6,2,3969.02,1984.51,0.67,12.50,3.33,1,89,5,13,76,1139.83,71,5
7135,6,0,0.00,NULL,0.50,9.17,4.00,1,95,5,14,72,1189.50,0,5
3677,2,0,0.00,NULL,0.00,10.00,4.00,1,85,3,5,34,666.50,0,1
3300,5,3,4454.73,1484.91,0.20,6.00,3.80,2,67,7,10,46,740.20,71,5
7622,4,0,0.00,NULL,0.50,3.75,4.00,1,57,7,11,48,797.50,0,3
7493,6,1,3287.17,3287.17,0.33,9.17,4.00,1,75,7,16,34,819.17,14,5
2455,4,1,2008.08,2008.08,0.50,3.75,3.75,2,195,3,9,43,849.50,46,5
2947,3,0,0.00,NULL,0.67,13.33,4.00,2,95,5,10,62,429.67,0,4
6276,6,3,5208.50,1736.17,0.00,10.00,3.83,2,81,4,10,66,803.83,37,5
8460,4,2,1505.16,752.58,0.25,6.25,3.50,1,52,4,12,37,1342.75,63,5
7402,3,1,5223.94,5223.94,0.33,6.67,4.00,2,77,6,8,27,1205.67,31,4
2815,3,0,0.00,NULL,1.00,3.33,4.00,1,68,6,10,39,1242.33,0,4
2971,5,1,2426.64,2426.64,0.80,3.00,4.00,1,66,7,11,28,753.00,27,4
8269,5,2,1975.36,987.68,0.40,11.00,4.20,1,86,6,14,59,556.80,54,5
7269,5,1,886.36,886.36,0.60,9.00,4.00,1,73,4,15,76,1307.80,16,5
9119,2,0,0.00,NULL,1.00,15.00,4.00,0,86,7,7,30,1403.00,0,3
8049,4,2,2652.58,1326.29,0.25,13.75,4.25,2,36,6,9,67,1280.00,58,3
9578,2,2,2187.15,1093.58,0.00,15.00,5.00,1,219,1,5,23,1134.50,18,2
2700,4,0,0.00,NULL,0.50,5.00,4.00,1,60,7,11,52,1128.25,0,4
3447,2,0,0.00,NULL,1.00,0.00,4.00,0,62,5,6,20,689.50,0,2
3141,5,1,893.18,893.18,0.40,12.00,3.40,1,80,7,7,56,897.60,5,5
2492,4,1,1765.40,1765.40,0.25,11.25,4.25,1,143,7,8,30,868.25,49,5
8011,3,1,524.31,524.31,0.33,15.00,4.00,1,99,4,5,41,1577.00,44,2
6955,3,1,1991.52,1991.52,0.33,3.33,4.00,1,65,6,5,35,866.67,47,0
1773,5,4,4761.94,1190.49,0.20,13.00,3.80,2,40,4,12,51,948.00,77,5
2716,3,1,2245.98,2245.98,0.00,8.33,3.67,2,57,7,9,19,660.00,6,5
5099,3,0,0.00,NULL,0.33,13.33,4.00,1,30,1,6,35,370.00,0,5
3600,4,2,1794.19,897.10,0.25,3.75,4.50,1,211,5,10,38,824.75,39,5
9370,3,1,2268.90,2268.90,0.33,11.67,4.00,1,98,6,10,22,763.00,24,3
4759,4,0,0.00,NULL,0.50,18.75,4.00,2,5,3,9,42,858.25,0,5
2914,3,1,461.23,461.23,0.33,16.67,3.67,1,35,5,3,13,997.67,36,4
6056,3,1,1512.90,1512.90,0.33,16.67,4.00,1,58,4,10,52,709.67,49,5
4941,4,2,1640.37,820.19,0.50,1.25,4.50,1,78,4,7,50,596.25,67,5
4488,2,0,0.00,NULL,1.00,10.00,4.00,1,57,7,4,35,1064.00,0,5
8431,2,1,1156.05,1156.05,0.00,10.00,4.00,2,30,6,4,16,198.00,15,4
9804,1,0,0.00,NULL,0.00,15.00,4.00,2,159,3,1,18,1504.00,0,5
1052,6,0,0.00,NULL,0.67,1.67,4.00,1,99,7,13,64,780.50,0,4
5172,5,1,903.48,903.48,0.60,9.00,3.80,2,76,7,15,56,788.40,26,4
2072,5,2,1600.60,800.30,0.00,3.00,3.80,1,82,7,10,45,852.60,73,3
4903,5,2,4042.13,2021.07,0.20,9.00,3.40,2,40,7,14,80,941.80,52,5
8525,4,1,1629.86,1629.86,0.25,6.25,3.75,1,26,5,14,30,1246.50,7,5
6552,3,1,216.49,216.49,0.33,16.67,4.00,1,192,6,7,54,566.67,12,5
3781,1,0,0.00,NULL,0.00,15.00,4.00,1,217,0,3,11,610.00,0,5
3809,2,0,0.00,NULL,1.00,12.50,4.00,0,223,3,5,6,471.50,0,5
3698,2,0,0.00,NULL,0.50,5.00,4.00,1,80,4,6,46,1104.50,0,5
3930,2,1,1088.14,1088.14,0.00,5.00,4.00,1,86,5,4,23,483.50,34,1
4365,3,0,0.00,NULL,0.33,13.33,4.00,1,88,7,7,29,884.00,0,4
7189,5,3,4847.74,1615.91,0.00,3.00,4.00,2,7,7,13,88,634.80,124,5
1863,3,0,0.00,NULL,0.33,3.33,4.00,1,189,6,5,34,744.33,0,5
1367,2,0,0.00,NULL,0.50,7.50,4.00,1,211,3,6,48,609.00,0,3
5243,3,0,0.00,NULL,1.00,8.33,4.00,1,40,3,7,41,1692.00,0,5
9282,3,0,0.00,NULL,0.67,20.00,4.00,1,60,4,8,37,831.67,0,0
5650,5,0,0.00,NULL,0.20,9.00,4.00,1,85,6,13,76,601.00,0,5
3328,2,0,0.00,NULL,0.50,10.00,4.00,2,45,3,6,19,407.50,0,2
2810,3,2,3787.02,1893.51,0.33,10.00,4.00,1,199,7,8,46,534.67,72,5
6622,4,0,0.00,NULL,0.75,7.50,4.00,2,94,4,10,46,614.25,0,5
4457,4,0,0.00,NULL,0.50,11.25,4.00,2,77,6,8,46,1101.50,0,3
7623,5,2,3319.14,1659.57,0.60,9.00,3.80,1,62,7,10,93,1101.00,61,5
2089,3,1,679.29,679.29,0.33,11.67,4.33,1,203,5,6,29,561.00,15,4
5974,2,0,0.00,NULL,1.00,2.50,4.00,1,89,4,2,31,742.00,0,4
9901,2,0,0.00,NULL,0.50,10.00,4.00,1,23,3,2,30,837.00,0,5
4532,3,1,931.34,931.34,0.33,6.67,3.67,0,192,3,8,41,705.67,28,4
7563,2,0,0.00,NULL,1.00,12.50,4.00,1,216,5,4,35,700.50,0,3
4191,2,0,0.00,NULL,1.00,5.00,4.00,1,20,7,4,20,1465.50,0,5
2436,1,1,1363.24,1363.24,0.00,5.00,4.00,1,82,0,3,6,154.00,22,2
2470,4,0,0.00,NULL,0.50,3.75,4.00,1,201,7,13,55,664.25,0,5
7801,2,1,3719.24,3719.24,0.50,5.00,3.50,2,62,2,6,35,657.50,17,1
3038,4,1,1149.52,1149.52,0.75,11.25,3.75,2,72,6,9,19,594.50,7,4
5521,3,1,2050.89,2050.89,0.67,8.33,4.00,1,67,3,10,52,875.67,38,4
8362,2,0,0.00,NULL,1.00,15.00,4.00,1,80,7,7,6,1058.00,0,3
9621,2,0,0.00,NULL,0.50,10.00,4.00,1,28,6,3,19,1169.00,0,2
9079,4,0,0.00,NULL,1.00,15.00,4.00,1,80,7,11,36,912.25,0,5
3408,4,0,0.00,NULL,0.50,10.00,4.00,1,93,5,15,39,1382.25,0,4
1986,6,1,723.10,723.10,0.50,11.67,3.83,1,39,6,17,80,521.50,27,5
7971,3,0,0.00,NULL,1.00,6.67,4.00,0,55,6,7,42,670.00,0,4
6341,4,3,7200.61,2400.20,0.25,10.00,4.00,2,206,6,10,41,794.50,57,4
2698,8,1,296.98,296.98,0.25,8.75,4.00,1,77,6,19,80,923.00,34,5
7305,4,0,0.00,NULL,0.75,13.75,4.00,1,83,6,12,28,302.50,0,5
7545,3,1,1232.38,1232.38,0.33,10.00,3.33,1,7,2,6,31,1079.33,32,5
6003,2,0,0.00,NULL,0.50,12.50,4.00,2,179,6,7,9,1666.00,0,4
3694,7,0,0.00,NULL,0.29,8.57,4.00,2,57,7,16,97,708.86,0,5
5216,2,0,0.00,NULL,1.00,7.50,4.00,0,6,7,5,29,1392.50,0,2
1281,3,0,0.00,NULL,0.33,8.33,4.00,1,85,7,11,47,879.33,0,1
2145,4,0,0.00,NULL,0.75,11.25,4.00,2,86,7,9,48,1189.25,0,4
9638,5,2,5225.09,2612.55,0.20,7.00,4.20,1,50,7,17,51,1032.80,86,5
5103,4,1,285.07,285.07,0.25,15.00,3.75,1,94,7,7,49,641.25,39,5
2329,6,2,2434.00,1217.00,0.33,16.67,4.00,2,89,7,15,70,808.67,74,5
1398,4,1,663.37,663.37,0.50,6.25,3.75,2,81,7,11,39,918.75,40,0
4180,3,1,1669.84,1669.84,0.67,8.33,4.33,0,157,5,9,34,755.00,17,2
2804,6,1,2572.61,2572.61,0.50,8.33,3.67,2,38,5,15,77,660.17,21,5
9844,1,0,0.00,NULL,1.00,15.00,4.00,1,223,1,3,20,1049.00,0,0
4462,2,0,0.00,NULL,1.00,12.50,4.00,1,91,6,4,13,261.50,0,2
9994,5,1,1038.24,1038.24,0.20,7.00,4.20,1,56,6,15,50,1031.60,41,5
5404,4,0,0.00,NULL,0.50,5.00,4.00,1,30,7,8,36,950.75,0,5
8068,2,0,0.00,NULL,0.00,5.00,4.00,1,73,7,7,21,1343.50,0,3
1253,3,1,2191.33,2191.33,0.33,6.67,4.00,1,136,6,4,43,974.67,25,3
1054,5,1,2322.16,2322.16,0.20,2.00,4.00,2,64,6,14,61,535.00,8,4
9301,2,0,0.00,NULL,0.50,0.00,4.00,1,70,3,3,23,1373.00,0,2
9391,3,1,1076.59,1076.59,0.33,10.00,4.00,2,36,7,4,48,1020.00,43,4
8550,2,0,0.00,NULL,0.50,12.50,4.00,2,16,7,8,35,1140.50,0,4
2193,4,2,2115.64,1057.82,0.50,2.50,3.75,2,81,5,10,62,776.00,53,5
6813,7,1,1581.61,1581.61,0.29,9.29,4.14,1,7,7,15,73,691.00,1,5
9312,2,0,0.00,NULL,0.50,0.00,4.00,1,213,6,5,8,235.00,0,4
9554,5,0,0.00,NULL,0.20,9.00,4.00,1,213,7,14,64,977.40,0,4
3667,4,1,1210.41,1210.41,0.25,10.00,4.00,2,68,3,11,59,622.75,8,5
8355,2,0,0.00,NULL,0.50,15.00,4.00,1,70,7,4,31,492.50,0,4
6816,2,0,0.00,NULL,0.50,10.00,4.00,1,81,4,3,19,834.00,0,1
9349,5,0,0.00,NULL,0.20,12.00,4.00,2,76,7,13,61,1005.20,0,5
2320,5,0,0.00,NULL,0.60,7.00,4.00,1,95,5,15,42,808.40,0,4
6408,4,1,1401.01,1401.01,0.50,10.00,4.25,2,83,5,5,57,1056.75,45,3
8213,2,0,0.00,NULL,0.50,0.00,4.00,1,223,3,5,25,644.50,0,1
1220,3,1,1765.86,1765.86,0.67,1.67,4.33,1,210,5,10,32,266.00,48,5
4215,4,1,3273.55,3273.55,0.50,6.25,3.50,2,196,7,11,67,1366.50,49,5
1102,3,0,0.00,NULL,0.33,13.33,4.00,1,38,4,5,44,1455.33,0,2
4985,4,1,1006.89,1006.89,0.50,5.00,3.75,2,99,7,10,62,1059.75,23,5
8298,2,0,0.00,NULL,0.50,15.00,4.00,1,4,6,5,14,1478.50,0,4
6921,3,1,2092.75,2092.75,0.00,11.67,4.33,1,30,5,6,56,1093.67,29,5
3851,3,1,2101.57,2101.57,0.33,10.00,4.33,2,185,6,8,44,1476.00,8,2
4841,3,2,2304.57,1152.29,0.33,5.00,2.67,2,87,7,5,34,797.00,54,5
7584,4,0,0.00,NULL,0.75,7.50,4.00,1,98,6,10,59,623.75,0,5
9911,5,1,2633.70,2633.70,0.60,6.00,4.20,1,78,7,17,73,721.40,35,5
3395,2,0,0.00,NULL,1.00,7.50,4.00,2,182,0,5,10,980.50,0,1
1826,4,0,0.00,NULL,0.50,12.50,4.00,1,42,7,11,72,1386.50,0,5
5560,6,1,2349.40,2349.40,0.33,5.00,4.00,2,83,6,20,68,959.33,12,3
8469,4,0,0.00,NULL,0.50,11.25,4.00,2,76,6,7,67,1056.00,0,5
5293,4,0,0.00,NULL,1.00,6.25,4.00,2,92,6,12,50,923.25,0,5
2837,1,0,0.00,NULL,1.00,0.00,4.00,1,137,3,4,2,1571.00,0,2
1414,2,0,0.00,NULL,1.00,10.00,4.00,0,150,5,5,22,1111.00,0,3
9494,5,1,7745.76,7745.76,0.80,5.00,4.20,1,210,6,15,57,822.40,44,5
2399,3,1,256.94,256.94,0.00,5.00,4.33,2,75,5,8,37,867.33,35,5
1665,3,0,0.00,NULL,0.67,11.67,4.00,1,42,7,7,51,636.00,0,5
2162,4,0,0.00,NULL,1.00,7.50,4.00,1,89,6,11,53,667.00,0,5
4388,3,1,1246.36,1246.36,0.67,10.00,3.67,1,22,6,7,43,1514.00,46,4
8306,7,2,2189.42,1094.71,0.43,10.71,4.14,2,221,7,13,114,1024.71,59,5
2438,3,1,4495.80,4495.80,0.67,0.00,4.00,1,64,6,12,30,1284.67,36,4
8367,2,1,445.64,445.64,0.50,15.00,3.00,1,34,4,7,30,1056.00,34,4
1017,2,0,0.00,NULL,0.50,5.00,4.00,1,77,6,8,20,565.50,0,0
7648,3,0,0.00,NULL,0.33,11.67,4.00,0,41,7,7,52,592.00,0,4
3541,2,1,1572.76,1572.76,0.50,7.50,3.00,1,62,5,6,24,1064.50,9,3
9643,3,2,2144.73,1072.37,0.33,13.33,4.33,1,89,7,6,32,1124.00,79,3
2274,2,0,0.00,NULL,0.50,7.50,4.00,1,83,4,3,29,939.00,0,2
5282,4,0,0.00,NULL,0.25,12.50,4.00,1,54,6,6,63,225.75,0,5
3434,3,1,648.62,648.62,0.33,15.00,4.33,1,92,5,8,42,236.67,33,1
3186,2,0,0.00,NULL,1.00,0.00,4.00,1,223,7,4,28,1042.50,0,1
8439,3,1,2060.77,2060.77,0.33,10.00,4.33,1,49,6,11,39,346.33,34,3
4626,5,0,0.00,NULL,0.60,11.00,4.00,2,76,6,9,53,959.00,0,5
4168,6,2,6306.76,3153.38,0.67,2.50,3.83,2,71,7,11,53,543.67,53,5
7620,1,0,0.00,NULL,1.00,0.00,4.00,0,149,5,2,16,1782.00,0,3
5836,4,0,0.00,NULL,0.00,13.75,4.00,1,67,4,12,73,959.75,0,4
6973,2,0,0.00,NULL,0.50,5.00,4.00,1,88,0,3,30,890.50,0,4
5009,3,0,0.00,NULL,0.00,15.00,4.00,1,63,7,8,40,789.67,0,5
7345,3,1,304.65,304.65,0.33,10.00,3.67,1,76,7,7,38,1074.67,48,5
5525,5,1,4709.60,4709.60,0.60,9.00,4.20,1,75,6,12,66,649.20,37,5
1575,4,0,0.00,NULL,0.00,12.50,4.00,1,56,4,7,37,1327.50,0,4
1351,2,1,4652.64,4652.64,0.00,15.00,3.50,0,219,7,5,24,537.00,28,4
6169,2,0,0.00,NULL,0.00,5.00,4.00,2,220,6,3,25,937.00,0,4
5622,4,0,0.00,NULL,0.75,8.75,4.00,1,74,3,9,41,824.00,0,4
7726,2,1,4252.35,4252.35,0.50,15.00,3.50,1,61,3,4,23,959.50,33,5
9050,3,2,3988.65,1994.33,0.33,8.33,3.33,2,76,3,8,39,978.33,55,4
2570,6,0,0.00,NULL,0.83,8.33,4.00,1,182,7,14,48,652.17,0,1
9614,6,3,4422.33,1474.11,0.17,2.50,3.67,2,97,7,17,81,923.17,82,5
9383,4,0,0.00,NULL,0.50,13.75,4.00,1,67,7,13,60,1159.50,0,5
5033,6,1,868.47,868.47,0.33,10.83,3.83,2,28,7,13,69,842.17,21,4
6542,1,0,0.00,NULL,1.00,5.00,4.00,1,35,5,3,18,164.00,0,2
2589,3,0,0.00,NULL,0.00,20.00,4.00,1,76,7,7,40,768.33,0,2
6812,5,1,277.66,277.66,0.60,7.00,4.20,2,76,5,12,70,1212.20,31,5
4897,3,1,551.66,551.66,0.33,10.00,4.00,1,208,7,7,39,696.67,11,5
2727,4,1,1124.67,1124.67,0.50,12.50,4.25,1,41,7,9,42,1104.75,6,2
2204,4,0,0.00,NULL,0.50,11.25,4.00,1,38,5,10,67,653.25,0,5
1571,2,1,2562.31,2562.31,0.00,7.50,3.50,1,75,7,5,34,1048.50,23,4
8585,3,1,1133.70,1133.70,0.33,5.00,4.33,1,90,3,9,30,646.00,40,2
7167,3,0,0.00,NULL,0.00,6.67,4.00,2,208,6,6,36,445.00,0,4
6684,6,1,929.06,929.06,0.67,9.17,3.83,2,92,6,17,98,1068.83,35,5
1996,6,1,3338.77,3338.77,0.67,11.67,4.00,2,45,7,14,72,949.00,5,5
1372,3,2,7627.08,3813.54,0.00,13.33,3.67,1,67,4,11,22,1100.67,7,5
1955,2,1,2123.25,2123.25,0.50,20.00,2.50,0,157,7,6,30,751.00,3,5
7763,3,0,0.00,NULL,0.67,0.00,4.00,1,32,3,9,61,172.33,0,4
3653,3,0,0.00,NULL,1.00,11.67,4.00,2,84,5,6,28,1269.67,0,4
1496,5,2,2929.30,1464.65,0.20,2.00,4.20,2,54,7,14,53,603.60,34,5
3877,2,0,0.00,NULL,0.50,7.50,4.00,1,181,7,5,26,1365.00,0,5
8287,3,0,0.00,NULL,0.33,23.33,4.00,1,46,7,7,56,1394.67,0,2
2290,4,0,0.00,NULL,0.00,8.75,4.00,2,95,4,12,32,956.00,0,5
8164,3,0,0.00,NULL,0.00,11.67,4.00,1,87,4,7,43,1138.67,0,5
5169,1,0,0.00,NULL,0.00,5.00,4.00,1,95,2,4,17,967.00,0,2
2272,4,0,0.00,NULL,0.75,3.75,4.00,1,81,4,9,64,464.50,0,4
9404,2,0,0.00,NULL,1.00,0.00,4.00,1,97,6,5,32,988.50,0,4
5664,4,0,0.00,NULL,0.50,15.00,4.00,2,54,5,13,49,425.25,0,3
7043,6,0,0.00,NULL,0.83,9.17,4.00,2,92,6,19,73,1017.33,0,4
1869,2,0,0.00,NULL,1.00,7.50,4.00,1,173,5,6,26,1022.50,0,0
3957,2,0,0.00,NULL,0.00,2.50,4.00,2,176,5,2,16,1498.50,0,4
4344,2,0,0.00,NULL,0.50,5.00,4.00,1,61,2,5,10,1089.50,0,5
6692,4,1,444.28,444.28,0.25,12.50,4.00,1,78,7,7,43,611.00,19,5
6807,2,0,0.00,NULL,0.50,2.50,4.00,1,148,3,6,34,1437.50,0,5
1566,3,1,589.15,589.15,0.67,16.67,4.33,1,89,7,7,21,797.67,22,3
6437,5,1,771.46,771.46,0.20,13.00,3.40,2,98,7,12,53,1010.40,16,4
9499,5,0,0.00,NULL,0.80,9.00,4.00,1,98,4,14,84,748.80,0,5
8076,5,1,2536.72,2536.72,0.20,11.00,4.00,2,35,6,13,57,467.80,29,3
2869,3,1,454.20,454.20,0.00,13.33,4.33,1,31,7,6,36,612.33,31,5
9212,3,0,0.00,NULL,0.67,15.00,4.00,1,62,6,5,38,982.33,0,5
7145,3,1,2531.10,2531.10,0.33,6.67,4.33,1,34,7,11,62,1363.33,38,4
1720,4,1,2791.04,2791.04,0.25,12.50,4.25,1,8,5,8,56,922.50,21,5
1512,2,0,0.00,NULL,0.00,10.00,4.00,0,40,4,5,10,764.00,0,5
2886,2,1,1603.00,1603.00,0.00,7.50,4.50,1,64,7,3,33,1006.50,0,5
1870,2,0,0.00,NULL,0.50,5.00,4.00,1,89,4,5,23,719.00,0,3
5058,3,0,0.00,NULL,0.67,6.67,4.00,2,44,6,9,38,859.00,0,2
5729,2,1,992.72,992.72,0.50,10.00,4.00,1,222,6,6,16,606.50,31,5
6157,2,0,0.00,NULL,0.50,10.00,4.00,1,58,5,5,28,973.00,0,4
6929,2,0,0.00,NULL,0.50,5.00,4.00,1,86,2,6,28,613.50,0,4
9988,6,0,0.00,NULL,0.50,9.17,4.00,2,98,7,20,47,785.00,0,5
8518,4,0,0.00,NULL,0.00,11.25,4.00,1,98,7,6,51,735.25,0,5
